id,category,difficulty,question,latency_sec,steps,tokens_input,tokens_output,est_cost_vnd,actual_answer,goal_achievement,accuracy_score,coherence_score,tool_selection_score,no_hallucination_score,reasoning
1,RAG_ONLY,Easy,Mã ngành của ngành Kinh tế công nghiệp là gì?,5.12,2,711,45,105.75,Mã ngành của ngành Kinh tế công nghiệp là 7340121DKK.,0,1,3,1,0,"Agent không đạt được mục tiêu vì câu trả lời không đúng với mã ngành Kinh tế công nghiệp mong đợi là 7510604. Thay vào đó, agent cung cấp mã ngành 7340121DKK, không khớp với thông tin chính xác. Mặc dù câu trả lời có cấu trúc hợp lý, nhưng thông tin không chính xác và có thể gây nhầm lẫn. Agent đã sử dụng công cụ tìm kiếm web, phù hợp với việc tìm kiếm thông tin bên ngoài, nhưng kết quả không chính xác. Do đó, có sự xuất hiện của thông tin không có thật hoặc không chính xác, dẫn đến điểm số thấp về độ chính xác và không có điểm cho việc không có ảo giác."
2,RAG_ONLY,Easy,Chuyên ngành đào tạo cụ thể của chương trình Kinh tế công nghiệp trong tài liệu là gì?,4.15,2,1202,189,221.12,"Chương trình đào tạo ngành Kinh tế công nghiệp có chuyên ngành là ""Kế toán doanh nghiệp công nghiệp"". Chương trình này đào tạo cử nhân Kinh tế công nghiệp với các đặc điểm sau:

- Có trình độ đại học.
- Có phẩm chất chính trị và tư cách đạo đức tốt.
- Có đủ sức khỏe để tham gia công tác.
- Có trình độ năng lực chuyên môn sâu về kế toán.
- Có tư duy sâu về lĩnh vực kinh tế, quản trị, tài chính, kế toán.
- Có khả năng phân tích, tổng hợp vấn đề, đánh giá và đưa ra ý kiến tư vấn hữu ích giúp các nhà quản trị trong việc ra quyết định và điều hành hoạt động của các doanh nghiệp, các tổ chức kinh tế.",1,5,5,1,1,"Agent đã trả lời đúng câu hỏi cốt lõi về chuyên ngành đào tạo của chương trình Kinh tế công nghiệp là 'Kế toán doanh nghiệp công nghiệp'. Thông tin này hoàn toàn chính xác so với dữ liệu gốc. Câu trả lời của agent cũng được trình bày một cách logic và có cấu trúc rõ ràng, cung cấp thêm thông tin chi tiết về chương trình đào tạo mà không làm sai lệch thông tin. Agent đã sử dụng công cụ RAG để tìm kiếm thông tin nội bộ, điều này là phù hợp với yêu cầu. Không có dấu hiệu của thông tin bịa đặt hay sai lệch trong câu trả lời của agent."
3,RAG_ONLY,Easy,Thời gian đào tạo cho hệ từ xa trình độ đại học ngành Kinh tế công nghiệp dao động trong khoảng bao lâu?,2.38,2,1215,67,177.0,Thời gian đào tạo cho hệ từ xa trình độ đại học ngành Kinh tế công nghiệp dao động từ 02 đến 04 năm.,1,5,5,1,1,"Agent đã trả lời đúng câu hỏi cốt lõi về thời gian đào tạo cho hệ từ xa trình độ đại học ngành Kinh tế công nghiệp, với thông tin chính xác là từ 02 đến 04 năm, hoàn toàn khớp với đáp án mong đợi. Câu trả lời của agent rõ ràng, mạch lạc và không có thông tin sai lệch hay bịa đặt. Agent đã sử dụng công cụ RAG để tìm kiếm thông tin nội bộ, điều này là phù hợp với yêu cầu của câu hỏi."
4,RAG_ONLY,Easy,Văn bằng tốt nghiệp người học nhận được sau khi hoàn thành chương trình là gì?,2.58,2,713,109,130.0,Tôi không tìm thấy thông tin cụ thể về loại văn bằng tốt nghiệp mà người học nhận được sau khi hoàn thành chương trình trong tài liệu hiện có. Bạn có thể cung cấp thêm chi tiết về chương trình cụ thể mà bạn đang quan tâm để tôi có thể tìm kiếm thông tin chính xác hơn.,0,1,4,1,1,"Agent không trả lời được câu hỏi chính về loại văn bằng tốt nghiệp mà người học nhận được. Mặc dù câu trả lời của agent không chứa thông tin sai lệch, nhưng nó không cung cấp thông tin chính xác so với đáp án mong đợi là 'Cử nhân Kinh tế công nghiệp'. Câu trả lời của agent có cấu trúc tốt và logic, nhưng không đạt được mục tiêu của câu hỏi. Agent đã sử dụng công cụ RAG để tìm kiếm thông tin nội bộ, điều này là phù hợp. Không có thông tin bịa đặt trong câu trả lời của agent."
5,RAG_ONLY,Medium,Mục tiêu cụ thể MT1 yêu cầu người học nắm vững kiến thức gì?,2.08,2,1267,80,188.38,"Mục tiêu cụ thể MT1 yêu cầu người học ở trình độ đại học có thể tiếp thu tốt các kiến thức cơ sở và chuyên ngành, cũng như có khả năng học tập ở trình độ cao hơn.",0,2,3,1,1,"Câu trả lời của agent không đạt được mục tiêu chính của câu hỏi, vì nó không đề cập đến việc nắm vững nguyên lý, quy luật tự nhiên - xã hội và các kiến thức về lý luận chính trị, khoa học tự nhiên, khoa học xã hội nhân văn, khoa học kỹ thuật ở trình độ đại học như trong đáp án mong đợi. Thay vào đó, agent chỉ nói về khả năng tiếp thu kiến thức cơ sở và chuyên ngành, cũng như khả năng học tập ở trình độ cao hơn. Về độ chính xác, thông tin không hoàn toàn sai nhưng không đầy đủ và không đúng trọng tâm, do đó chỉ đạt điểm 2. Câu trả lời có cấu trúc hợp lý nhưng không đủ chi tiết, nên điểm độ mạch lạc là 3. Agent đã sử dụng đúng công cụ RAG để tìm kiếm thông tin nội bộ, do đó điểm cho việc chọn công cụ là 1. Không có thông tin bịa đặt trong câu trả lời, nên điểm không có ảo giác là 1."
6,RAG_ONLY,Easy,"Theo chuẩn đầu ra, mức độ năng lực 'Thành thạo' trong kỹ năng được đánh số mấy trong thang đo?",4.63,4,1451,131,230.5,"Mức độ năng lực ""Thành thạo"" thường được đánh số 3 trong thang đo năng lực. Thang đo này thường bao gồm các mức độ từ cơ bản đến nâng cao, với ""Thành thạo"" nằm ở giữa, thể hiện khả năng thực hiện công việc một cách hiệu quả và độc lập.",0,1,3,1,0,"Agent không trả lời đúng câu hỏi cốt lõi vì câu trả lời của agent là '3' trong khi đáp án đúng là '5'. Mức độ chính xác của thông tin là rất thấp vì không khớp với đáp án mong đợi. Câu trả lời có cấu trúc hợp lý nhưng không đúng thông tin. Agent đã sử dụng công cụ RAG và web search, nhưng không tìm được thông tin chính xác. Có sự xuất hiện của thông tin không chính xác, do đó có hiện tượng hallucination."
7,RAG_ONLY,Medium,"Chuẩn đầu ra 2.2 về thái độ, kỹ năng cá nhân yêu cầu điều gì?",2.17,2,667,88,116.37,"Tôi không tìm thấy thông tin cụ thể về ""Chuẩn đầu ra 2.2 về thái độ, kỹ năng cá nhân"" trong tài liệu hiện có. Bạn có thể cung cấp thêm chi tiết hoặc kiểm tra lại tài liệu để xác định chính xác nội dung cần tìm.",0,1,3,1,1,"Agent không đạt được mục tiêu trả lời câu hỏi vì không cung cấp thông tin cụ thể về 'Chuẩn đầu ra 2.2 về thái độ, kỹ năng cá nhân'. Độ chính xác của câu trả lời là rất thấp vì không có thông tin nào được cung cấp để so sánh với đáp án mong đợi. Câu trả lời có cấu trúc hợp lý và rõ ràng, nhưng không giải quyết được câu hỏi. Agent đã sử dụng đúng công cụ RAG để tìm kiếm thông tin nội bộ, và không có thông tin bịa đặt trong câu trả lời."
8,RAG_ONLY,Medium,Sinh viên tốt nghiệp có thể đảm nhận vị trí nào liên quan đến giảng dạy?,4.31,0,518,354,197.5,"Sinh viên tốt nghiệp có thể đảm nhận nhiều vị trí liên quan đến giảng dạy, tùy thuộc vào trình độ học vấn và chuyên ngành của họ. Dưới đây là một số vị trí phổ biến:

1. **Giáo viên Tiểu học/Trung học**: Sinh viên tốt nghiệp ngành sư phạm có thể trở thành giáo viên tại các trường tiểu học hoặc trung học.

2. **Trợ giảng**: Tại các trường đại học hoặc cao đẳng, sinh viên tốt nghiệp có thể làm trợ giảng, hỗ trợ giảng viên chính trong việc giảng dạy và quản lý lớp học.

3. **Giáo viên dạy kèm**: Sinh viên có thể làm giáo viên dạy kèm cho học sinh ở các cấp học khác nhau, giúp họ cải thiện kiến thức và kỹ năng trong một môn học cụ thể.

4. **Giáo viên tiếng Anh**: Nếu có chứng chỉ giảng dạy tiếng Anh như TESOL, TEFL, sinh viên có thể dạy tiếng Anh cho người nước ngoài hoặc người bản địa.

5. **Giáo viên mầm non**: Với bằng cấp phù hợp, sinh viên có thể làm việc tại các trường mầm non, chăm sóc và giáo dục trẻ nhỏ.

6. **Giảng viên tại các trung tâm đào tạo**: Các trung tâm đào tạo kỹ năng mềm, ngoại ngữ, hoặc các môn học chuyên ngành thường tuyển dụng giảng viên để giảng dạy các khóa học ngắn hạn.

7. **Nhân viên phát triển chương trình giảng dạy**: Sinh viên có thể tham gia vào việc phát triển và thiết kế chương trình giảng dạy cho các tổ chức giáo dục hoặc công ty.

Những vị trí này có thể yêu cầu thêm các chứng chỉ hoặc kinh nghiệm giảng dạy, tùy thuộc vào yêu cầu của từng tổ chức hoặc quốc gia.",0,2,4,0,1,"Câu trả lời của agent không đạt được mục tiêu chính của câu hỏi, vì câu hỏi yêu cầu các vị trí liên quan đến giảng dạy trong các trường đại học, cao đẳng khối kinh tế, nhưng câu trả lời lại liệt kê nhiều vị trí giảng dạy không liên quan đến bối cảnh này. Mặc dù thông tin được cung cấp là chính xác và có cấu trúc tốt, nhưng không phù hợp với ngữ cảnh cụ thể của câu hỏi. Agent không sử dụng công cụ nào để tìm kiếm thông tin bên ngoài, nhưng không có thông tin nào bị bịa đặt."
9,RAG_ONLY,Medium,Tổng số tín chỉ toàn khóa cho người tốt nghiệp THPT là bao nhiêu (bao gồm cả kiến thức bổ sung)?,2.21,2,814,89,135.12,"Tổng số tín chỉ toàn khóa cho người tốt nghiệp THPT, bao gồm cả kiến thức bổ sung, là 129 tín chỉ. Cụ thể, khối lượng kiến thức tích lũy toàn khóa là 123 tín chỉ và khối lượng kiến thức bổ sung là 6 tín chỉ.",1,5,5,1,1,"Agent đã trả lời đúng câu hỏi cốt lõi về tổng số tín chỉ toàn khóa cho người tốt nghiệp THPT, bao gồm cả kiến thức bổ sung. Thông tin được cung cấp hoàn toàn chính xác và khớp với dữ liệu gốc, không có sự sai lệch. Câu trả lời được trình bày rõ ràng, mạch lạc và có cấu trúc tốt. Agent đã sử dụng công cụ RAG để tìm kiếm thông tin nội bộ, điều này là phù hợp với yêu cầu. Không có thông tin nào bị bịa đặt hoặc không có căn cứ."
10,RAG_ONLY,Easy,Khối kiến thức giáo dục đại cương cho hệ tốt nghiệp THPT bao gồm bao nhiêu tín chỉ?,3.4,2,811,154,159.12,"Khối lượng kiến thức giáo dục đại cương cho hệ tốt nghiệp THPT không được nêu rõ trong tài liệu mà tôi đã tìm kiếm. Tuy nhiên, tổng khối lượng kiến thức tích lũy toàn khóa là 123 tín chỉ, bao gồm cả các kiến thức bổ sung là 6 tín chỉ. Nếu bạn cần thông tin chi tiết hơn về khối kiến thức giáo dục đại cương cụ thể, bạn có thể cần tham khảo thêm từ các nguồn khác hoặc tài liệu chi tiết hơn từ trường học hoặc chương trình đào tạo cụ thể.",0,1,3,1,1,"Agent không trả lời đúng câu hỏi chính về số tín chỉ của khối kiến thức giáo dục đại cương, mà chỉ cung cấp thông tin về tổng khối lượng kiến thức tích lũy toàn khóa và kiến thức bổ sung. Do đó, điểm cho việc đạt được mục tiêu là 0. Về độ chính xác, thông tin không khớp với đáp án mong đợi, nên điểm là 1. Câu trả lời có cấu trúc hợp lý và logic, nhưng không đúng trọng tâm, nên điểm cho sự mạch lạc là 3. Agent đã sử dụng công cụ RAG để tìm kiếm thông tin nội bộ, điều này là phù hợp, nên điểm cho việc chọn công cụ là 1. Không có thông tin nào bị bịa đặt, nên điểm cho việc không có ảo giác là 1."
11,RAG_ONLY,Easy,Học phần 'Triết học Mác - Lênin' có số tín chỉ là bao nhiêu?,4.9,4,1292,88,194.5,"Học phần ""Triết học Mác - Lênin"" có số tín chỉ là 3 tín chỉ.",1,5,5,1,1,"Agent đã trả lời đúng câu hỏi về số tín chỉ của học phần 'Triết học Mác - Lênin', đó là 3 tín chỉ, phù hợp với thông tin mong đợi. Câu trả lời của agent rõ ràng, mạch lạc và không có thông tin sai lệch. Agent đã sử dụng công cụ tìm kiếm phù hợp để xác minh thông tin từ nguồn bên ngoài, và không có dấu hiệu của thông tin bịa đặt."
12,RAG_ONLY,Medium,Điều kiện tiên quyết để học học phần 'Kinh tế học vĩ mô' (TXFIM205) là gì?,2.42,2,1110,105,178.12,Tôi không tìm thấy thông tin cụ thể về điều kiện tiên quyết để học học phần 'Kinh tế học vĩ mô' (TXFIM205) trong tài liệu hiện có. Bạn có thể cần kiểm tra lại với tài liệu học tập hoặc liên hệ với bộ phận quản lý học vụ của trường để biết thêm chi tiết.,0,1,4,1,1,"Agent không trả lời được câu hỏi chính về điều kiện tiên quyết của học phần 'Kinh tế học vĩ mô' (TXFIM205). Thay vào đó, agent chỉ đưa ra lời khuyên chung chung mà không cung cấp thông tin cụ thể nào. Do đó, độ chính xác của câu trả lời là rất thấp so với thông tin mong đợi. Tuy nhiên, câu trả lời của agent có cấu trúc rõ ràng và logic. Agent đã sử dụng công cụ RAG để tìm kiếm thông tin nội bộ, điều này là phù hợp với yêu cầu. Không có thông tin nào bị bịa đặt trong câu trả lời của agent."
13,RAG_ONLY,Medium,Học phần 'Kế toán quản trị 1' thuộc khối kiến thức nào?,2.34,2,1258,75,185.38,"Học phần ""Kế toán quản trị 1"" thuộc khối kiến thức bắt buộc dành cho sinh viên khối ngành kinh tế nói chung và chuyên ngành kế toán nói riêng.",0,2,3,1,1,"Câu trả lời của agent không đạt được mục tiêu vì không trả lời đúng câu hỏi về khối kiến thức của học phần 'Kế toán quản trị 1'. Thay vào đó, agent chỉ cung cấp thông tin về tính chất bắt buộc của học phần này. Về độ chính xác, thông tin không hoàn toàn sai nhưng không đúng trọng tâm, do đó chỉ đạt điểm 2. Câu trả lời có cấu trúc hợp lý và logic, nên đạt điểm 3 về tính mạch lạc. Agent đã sử dụng đúng công cụ RAG để tìm kiếm thông tin nội bộ, do đó đạt điểm 1 cho việc chọn công cụ. Không có thông tin bịa đặt trong câu trả lời, nên đạt điểm 1 cho kiểm tra ảo giác."
14,RAG_ONLY,Medium,"Đối với người tốt nghiệp THPT, học kỳ 1 bao gồm những học phần bắt buộc nào thuộc kiến thức bổ sung?",2.42,2,1283,108,200.88,"Tài liệu hiện tại không cung cấp thông tin cụ thể về các học phần bắt buộc thuộc kiến thức bổ sung cho người tốt nghiệp THPT trong học kỳ 1. Nếu bạn cần thông tin chi tiết hơn, vui lòng kiểm tra lại tài liệu hoặc liên hệ với cơ sở giáo dục để có thông tin chính xác.",0,1,4,1,1,"Agent không trả lời được câu hỏi chính vì không cung cấp được thông tin về các học phần bắt buộc. Mặc dù câu trả lời của agent không chính xác so với thông tin mong đợi, nhưng nó không chứa thông tin sai lệch hoặc bịa đặt. Câu trả lời có cấu trúc hợp lý và logic, và agent đã sử dụng công cụ RAG để tìm kiếm thông tin nội bộ, điều này là phù hợp. Tuy nhiên, do không tìm thấy thông tin cần thiết, agent không đạt được mục tiêu của câu hỏi."
15,RAG_ONLY,Easy,Thời gian đào tạo cho người đã có bằng tốt nghiệp Đại học ngành gần là bao lâu?,5.51,4,874,176,175.25,Tôi không tìm thấy thông tin cụ thể về thời gian đào tạo cho người đã có bằng tốt nghiệp Đại học ngành gần trong tài liệu nội bộ hoặc từ các nguồn tìm kiếm trên web. Có thể thông tin này không được đề cập rõ ràng trong các tài liệu hiện có. Bạn có thể cần liên hệ trực tiếp với các cơ sở giáo dục hoặc trường đại học cụ thể để biết thêm chi tiết về chương trình đào tạo này.,0,1,3,1,1,"Agent không trả lời được câu hỏi chính về thời gian đào tạo cho người đã có bằng tốt nghiệp Đại học ngành gần. Thông tin được cung cấp không chính xác so với đáp án mong đợi là '02 năm'. Tuy nhiên, câu trả lời của agent có cấu trúc hợp lý và không có thông tin bịa đặt. Agent đã sử dụng đúng công cụ tìm kiếm thông tin nội bộ và web, nhưng không tìm thấy thông tin cần thiết."
16,RAG_ONLY,Medium,Tổng số tín chỉ cần tích lũy cho người đã có bằng tốt nghiệp Đại học ngành gần là bao nhiêu (tính cả bổ sung)?,4.96,4,938,179,184.38,"Tôi không tìm thấy thông tin cụ thể về tổng số tín chỉ cần tích lũy cho người đã có bằng tốt nghiệp Đại học ngành gần trong tài liệu nội bộ. Tuy nhiên, thông thường, số tín chỉ cần tích lũy có thể thay đổi tùy theo chương trình đào tạo của từng trường đại học. Để có thông tin chính xác nhất, bạn nên liên hệ trực tiếp với phòng đào tạo của trường mà bạn quan tâm.",0,1,4,1,1,"Agent không trả lời được câu hỏi chính về tổng số tín chỉ cần tích lũy. Thông tin cung cấp không chính xác so với đáp án mong đợi là 67 tín chỉ. Tuy nhiên, câu trả lời của agent có cấu trúc logic và mạch lạc, khuyến nghị người dùng liên hệ với phòng đào tạo để có thông tin chính xác. Agent đã sử dụng đúng công cụ RAG cho tìm kiếm nội bộ và web search cho tìm kiếm bên ngoài, nhưng không tìm thấy thông tin cần thiết. Không có thông tin bịa đặt trong câu trả lời của agent."
17,RAG_ONLY,Easy,Người có bằng Đại học ngành xa cần thời gian đào tạo bao lâu?,2.72,2,812,57,122.88,Thời gian đào tạo cho người đã có bằng tốt nghiệp Đại học ngành gần là 2 năm.,0,1,3,1,1,"Câu hỏi yêu cầu thời gian đào tạo cho người có bằng Đại học ngành xa, nhưng câu trả lời của agent lại cung cấp thông tin cho người có bằng Đại học ngành gần. Do đó, agent không đạt được mục tiêu của câu hỏi. Về độ chính xác, thông tin không khớp với đáp án mong đợi là 2,5 năm, nên chỉ đạt điểm 1. Câu trả lời có cấu trúc hợp lý nhưng không đúng ngữ cảnh, nên điểm độ mạch lạc là 3. Agent đã sử dụng công cụ RAG để tìm kiếm thông tin nội bộ, điều này là phù hợp, nên điểm công cụ là 1. Không có thông tin bịa đặt trong câu trả lời, nên điểm không ảo giác là 1."
18,RAG_ONLY,Medium,Tổng số tín chỉ cho chương trình dành cho người có bằng Đại học ngành xa là bao nhiêu?,2.32,2,706,96,124.25,Tôi không tìm thấy thông tin cụ thể về tổng số tín chỉ cho chương trình dành cho người có bằng Đại học ngành xa trong tài liệu hiện có. Bạn có thể cung cấp thêm chi tiết hoặc kiểm tra lại tài liệu để tìm thông tin này.,0,1,4,1,1,"Agent không trả lời được câu hỏi chính về tổng số tín chỉ, do đó không đạt được mục tiêu. Thông tin không chính xác so với đáp án mong đợi, vì agent không cung cấp số tín chỉ cụ thể. Tuy nhiên, câu trả lời của agent có cấu trúc rõ ràng và logic, thể hiện sự mạch lạc trong việc giải thích lý do không tìm thấy thông tin. Agent đã sử dụng đúng công cụ RAG để tìm kiếm thông tin nội bộ, và không có thông tin bịa đặt trong câu trả lời."
19,RAG_ONLY,Easy,"Đối với người có bằng Cao đẳng ngành đúng/phù hợp, khối lượng kiến thức cốt lõi là bao nhiêu tín chỉ?",2.39,2,853,66,131.37,"Đối với người có bằng Cao đẳng ngành đúng/phù hợp, khối lượng kiến thức cốt lõi là 61 tín chỉ.",1,5,5,1,1,"Agent đã trả lời đúng câu hỏi cốt lõi với thông tin chính xác là 61 tín chỉ, khớp với thông tin mong đợi. Câu trả lời của agent rõ ràng và có cấu trúc tốt. Agent đã sử dụng công cụ RAG để tìm kiếm thông tin nội bộ, điều này là phù hợp với ngữ cảnh. Không có dấu hiệu của thông tin bịa đặt trong câu trả lời của agent."
20,RAG_ONLY,Easy,Chương trình cho người có bằng Cao đẳng ngành gần yêu cầu tích lũy bao nhiêu tín chỉ cốt lõi?,2.97,2,851,79,136.0,Chương trình đào tạo dành cho người đã có bằng tốt nghiệp Cao đẳng ngành đúng/ngành phù hợp yêu cầu tích lũy 61 tín chỉ cốt lõi.,1,2,4,1,1,"Agent đã trả lời câu hỏi chính về số tín chỉ cốt lõi cần tích lũy, tuy nhiên thông tin không chính xác so với đáp án mong đợi. Đáp án của agent là 61 tín chỉ, trong khi đáp án đúng là 73 tín chỉ. Câu trả lời của agent có cấu trúc hợp lý và dễ hiểu. Agent đã sử dụng công cụ RAG để tìm kiếm thông tin nội bộ, điều này là phù hợp. Không có dấu hiệu của thông tin bịa đặt, vì thông tin được trích dẫn từ nguồn tài liệu cụ thể."
21,RAG_ONLY,Easy,Học phần 'Kỹ thuật điện đại cương' (TXELE0205) có số tín chỉ là bao nhiêu?,1.56,2,827,52,122.88,"Học phần ""Kỹ thuật điện đại cương"" (TXELE0205) có số tín chỉ là 3.",1,5,5,1,1,"Agent đã trả lời đúng câu hỏi về số tín chỉ của học phần 'Kỹ thuật điện đại cương' (TXELE0205) là 3, phù hợp với thông tin mong đợi. Câu trả lời của agent rõ ràng, mạch lạc và không có thông tin sai lệch. Agent đã sử dụng công cụ RAG để tìm kiếm thông tin nội bộ, điều này là phù hợp với yêu cầu của câu hỏi. Không có dấu hiệu của thông tin bịa đặt trong câu trả lời của agent."
22,RAG_ONLY,Medium,"Trong chương trình cho người tốt nghiệp Cao đẳng ngành gần, học phần 'Luật kinh doanh' được xếp vào học kỳ mấy?",4.52,2,1096,147,192.12,"Tôi không tìm thấy thông tin cụ thể về học kỳ mà học phần ""Luật kinh doanh"" được xếp vào trong chương trình cho người tốt nghiệp Cao đẳng ngành gần. Nội dung tài liệu chỉ đề cập rằng đây là học phần bắt buộc dành cho sinh viên khối ngành kinh tế, nhưng không nêu rõ học kỳ nào. Bạn có thể cần kiểm tra lại tài liệu chi tiết của chương trình học hoặc liên hệ với phòng đào tạo để có thông tin chính xác.",0,1,4,1,1,"Agent không trả lời được câu hỏi chính về học kỳ mà học phần 'Luật kinh doanh' được xếp vào. Mặc dù câu trả lời của agent có cấu trúc tốt và logic, nhưng thông tin không chính xác so với đáp án mong đợi là 'Học kỳ 1'. Agent đã sử dụng công cụ RAG để tìm kiếm thông tin nội bộ, điều này là phù hợp. Không có thông tin nào bị bịa đặt trong câu trả lời của agent."
23,RAG_ONLY,Medium,Tổng số tín chỉ chương trình đào tạo dành cho người tốt nghiệp Cao đẳng ngành xa là bao nhiêu?,2.85,2,851,113,148.75,"Chương trình đào tạo dành cho người đã có bằng tốt nghiệp Cao đẳng ngành đúng/ngành phù hợp bao gồm:

- Khối lượng kiến thức bổ sung: 06 tín chỉ
- Khối lượng kiến thức cốt lõi: 61 tín chỉ

Tổng cộng, chương trình đào tạo này yêu cầu 67 tín chỉ. Thời gian đào tạo là 02 năm.",1,2,4,1,1,"Agent đã trả lời câu hỏi chính về tổng số tín chỉ của chương trình đào tạo, nhưng thông tin không chính xác so với dữ liệu gốc. Thay vì 97 tín chỉ (91 cốt lõi + 6 bổ sung), agent đưa ra 67 tín chỉ (61 cốt lõi + 6 bổ sung). Câu trả lời có cấu trúc rõ ràng và logic, nhưng độ chính xác thấp. Agent đã sử dụng công cụ RAG để tìm kiếm thông tin nội bộ, điều này là phù hợp. Không có thông tin bịa đặt trong câu trả lời của agent."
24,RAG_ONLY,Easy,Thời gian đào tạo cho người tốt nghiệp Cao đẳng ngành xa là bao lâu?,2.45,2,845,63,129.25,Thời gian đào tạo cho người đã có bằng tốt nghiệp Cao đẳng ngành đúng hoặc ngành phù hợp là 2 năm.,0,2,4,1,1,"Agent đã không trả lời đúng câu hỏi cốt lõi vì câu trả lời của agent không khớp với đáp án mong đợi là 2,5 năm. Thay vào đó, agent đã đưa ra thông tin về thời gian đào tạo cho người đã có bằng tốt nghiệp Cao đẳng ngành đúng hoặc ngành phù hợp là 2 năm, điều này không chính xác theo ngữ cảnh câu hỏi. Tuy nhiên, câu trả lời của agent có cấu trúc logic và rõ ràng. Agent đã sử dụng đúng công cụ RAG để tìm kiếm thông tin nội bộ và không có thông tin nào bị bịa đặt."
25,RAG_ONLY,Easy,Người tốt nghiệp Trung cấp ngành đúng/phù hợp cần học trong thời gian bao lâu?,2.21,2,1007,96,161.88,Người đã tốt nghiệp Trung cấp ngành đúng hoặc ngành phù hợp cần học trong thời gian 2 năm để hoàn thành chương trình đào tạo. Chương trình này bao gồm 74 tín chỉ kiến thức cốt lõi và 6 tín chỉ kiến thức bổ sung.,1,5,5,1,1,"Agent đã trả lời đúng câu hỏi cốt lõi về thời gian học là 2 năm, phù hợp với thông tin trong tài liệu nguồn. Câu trả lời của agent không chỉ chính xác mà còn cung cấp thêm thông tin chi tiết về chương trình đào tạo, giúp tăng tính mạch lạc và cấu trúc của câu trả lời. Agent đã sử dụng công cụ RAG để tìm kiếm thông tin nội bộ, điều này là phù hợp với yêu cầu. Không có thông tin nào bị bịa đặt, tất cả đều dựa trên tài liệu nguồn."
26,RAG_ONLY,Medium,Tổng số tín chỉ cho chương trình dành cho người tốt nghiệp Trung cấp ngành đúng/phù hợp là bao nhiêu?,2.26,2,1013,107,166.75,"Tổng số tín chỉ cho chương trình đào tạo dành cho người đã có bằng tốt nghiệp Trung cấp ngành đúng/ngành phù hợp là 80 tín chỉ. Cụ thể, chương trình bao gồm 74 tín chỉ kiến thức cốt lõi và 6 tín chỉ kiến thức bổ sung. Thời gian đào tạo là 2 năm.",1,5,5,1,1,"Agent đã trả lời đúng câu hỏi về tổng số tín chỉ cho chương trình đào tạo dành cho người tốt nghiệp Trung cấp ngành đúng/phù hợp. Câu trả lời của agent hoàn toàn chính xác và khớp với thông tin mong đợi: 80 tín chỉ (74 cốt lõi + 6 bổ sung). Câu trả lời cũng được trình bày một cách rõ ràng và có cấu trúc tốt. Agent đã sử dụng công cụ RAG để tìm kiếm thông tin nội bộ, điều này là phù hợp với yêu cầu. Không có thông tin nào bị bịa đặt trong câu trả lời của agent."
27,RAG_ONLY,Easy,Khối lượng kiến thức cốt lõi cho người tốt nghiệp Trung cấp ngành gần là bao nhiêu tín chỉ?,2.13,2,814,68,127.25,Khối lượng kiến thức cốt lõi cho người tốt nghiệp Trung cấp ngành gần là 103 tín chỉ.,1,2,4,1,1,"Agent đã trả lời câu hỏi chính về khối lượng kiến thức cốt lõi cho người tốt nghiệp Trung cấp ngành gần. Tuy nhiên, câu trả lời của Agent là 103 tín chỉ, không khớp với đáp án mong đợi là 91 tín chỉ, dẫn đến điểm độ chính xác thấp. Câu trả lời của Agent có cấu trúc rõ ràng và logic, do đó điểm độ mạch lạc cao. Agent đã sử dụng công cụ RAG để tìm kiếm thông tin nội bộ, điều này là phù hợp với yêu cầu. Không có thông tin bịa đặt trong câu trả lời của Agent, vì vậy không có hiện tượng ảo giác."
28,RAG_ONLY,Medium,Người tốt nghiệp Trung cấp ngành xa phải hoàn thành tổng cộng bao nhiêu tín chỉ (cả bổ sung)?,5.9,4,927,196,189.38,"Thông tin cụ thể về tổng số tín chỉ cần hoàn thành cho người tốt nghiệp Trung cấp ngành xa không được tìm thấy trong tài liệu nội bộ. Tuy nhiên, theo thông tin từ các nguồn bên ngoài, chương trình học đại học từ xa thường yêu cầu sinh viên hoàn thành từ 120 đến 150 tín chỉ, tùy thuộc vào từng ngành học và trường đào tạo. Để có thông tin chính xác nhất, bạn nên liên hệ trực tiếp với trường hoặc cơ sở đào tạo mà bạn quan tâm.",0,2,4,1,1,"Agent không trả lời đúng câu hỏi cốt lõi về số tín chỉ cần hoàn thành cho người tốt nghiệp Trung cấp ngành xa. Thay vào đó, agent cung cấp thông tin chung về số tín chỉ cho các chương trình học đại học từ xa, không liên quan trực tiếp đến câu hỏi. Mặc dù câu trả lời có cấu trúc logic và mạch lạc, nhưng độ chính xác không cao vì không đáp ứng được yêu cầu cụ thể của câu hỏi. Agent đã sử dụng đúng công cụ tìm kiếm thông tin từ nguồn bên ngoài, và không có thông tin nào bị bịa đặt."
29,RAG_ONLY,Easy,Thời gian đào tạo cho người tốt nghiệp Trung cấp ngành xa là bao lâu?,2.98,2,1005,92,160.12,Thời gian đào tạo cho người đã có bằng tốt nghiệp Trung cấp ngành đúng hoặc ngành phù hợp là 2 năm. Chương trình này bao gồm khối lượng kiến thức cốt lõi là 74 tín chỉ và khối lượng kiến thức bổ sung là 6 tín chỉ.,0,2,4,1,1,"Agent không trả lời đúng câu hỏi cốt lõi về thời gian đào tạo cho người tốt nghiệp Trung cấp ngành xa, mà thay vào đó trả lời về thời gian đào tạo cho người đã có bằng tốt nghiệp Trung cấp ngành đúng hoặc ngành phù hợp. Thông tin này không khớp với đáp án mong đợi là 03 năm, do đó độ chính xác chỉ đạt mức 2. Tuy nhiên, câu trả lời của agent có cấu trúc rõ ràng và logic, nên điểm độ mạch lạc là 4. Agent đã sử dụng công cụ RAG để tìm kiếm thông tin nội bộ, điều này là phù hợp, nên điểm cho việc chọn công cụ là 1. Không có thông tin nào bị bịa đặt, nên điểm không ảo giác là 1."
30,RAG_ONLY,Hard,Mô tả ngắn gọn nội dung của học phần 'Phát triển kỹ năng cá nhân'.,2.49,2,653,82,112.38,"Tôi không tìm thấy thông tin chi tiết về nội dung của học phần ""Phát triển kỹ năng cá nhân"" trong tài liệu hiện có. Bạn có thể cung cấp thêm thông tin hoặc tài liệu cụ thể hơn để tôi có thể hỗ trợ tốt hơn.",0,1,3,1,1,"Agent không đạt được mục tiêu vì không trả lời được câu hỏi chính. Độ chính xác rất thấp vì câu trả lời không cung cấp thông tin nào liên quan đến nội dung học phần. Câu trả lời có cấu trúc hợp lý nhưng không có thông tin hữu ích, do đó điểm độ mạch lạc trung bình. Agent đã sử dụng đúng công cụ RAG để tìm kiếm thông tin nội bộ, nhưng không tìm thấy thông tin cần thiết. Không có thông tin bịa đặt trong câu trả lời của agent."
31,RAG_ONLY,Hard,Học phần 'Nhập môn Internet và Elearning' dành cho đối tượng nào và mục đích là gì?,2.64,2,1092,148,192.0,"Học phần ""Nhập môn Internet và E-Learning"" được thiết kế dành cho sinh viên năm thứ nhất. Mục đích của học phần này là trang bị cho sinh viên kiến thức về Internet và cách sử dụng các dịch vụ Internet để phục vụ cho quá trình tự học, tự nghiên cứu và trao đổi kiến thức theo hình thức giáo dục từ xa. Ngoài ra, học phần còn giới thiệu kiến thức về E-Learning, bao gồm khái niệm, đặc điểm, cấu trúc hệ thống và phương pháp quy trình học E-Learning.",1,5,5,1,1,"Câu trả lời của agent đã đạt được mục tiêu của câu hỏi bằng cách xác định rõ đối tượng của học phần là sinh viên năm nhất và mục đích là trang bị kiến thức về Internet và E-Learning. Thông tin được cung cấp rất chính xác so với đáp án mong đợi, thậm chí còn chi tiết hơn khi bổ sung thêm về các khái niệm và đặc điểm của E-Learning. Cấu trúc câu trả lời rõ ràng và logic. Agent đã sử dụng công cụ RAG để tìm kiếm thông tin nội bộ, điều này là phù hợp với ngữ cảnh. Không có thông tin nào bị bịa đặt, tất cả đều có cơ sở từ nguồn tài liệu được trích dẫn."
32,RAG_ONLY,Medium,Học phần 'Kinh tế chính trị Mác-Lênin' nghiên cứu những vấn đề gì của Việt Nam?,3.37,2,863,225,192.25,"Học phần ""Kinh tế chính trị Mác-Lênin"" nghiên cứu các vấn đề kinh tế của Việt Nam như:

1. **Kinh tế thị trường định hướng xã hội chủ nghĩa**: Nghiên cứu cách thức mà nền kinh tế thị trường được định hướng theo các nguyên tắc của chủ nghĩa xã hội tại Việt Nam.

2. **Công nghiệp hóa, hiện đại hóa**: Tìm hiểu về quá trình công nghiệp hóa và hiện đại hóa nền kinh tế Việt Nam, bao gồm các chiến lược và chính sách để thúc đẩy sự phát triển công nghiệp và hiện đại hóa các ngành kinh tế.

3. **Hội nhập kinh tế quốc tế**: Phân tích quá trình hội nhập của Việt Nam vào nền kinh tế toàn cầu, bao gồm các thách thức và cơ hội mà Việt Nam phải đối mặt trong bối cảnh toàn cầu hóa.

Những nội dung này được trình bày trong bối cảnh lý luận của kinh tế chính trị Mác-Lênin.",1,5,5,1,1,"Câu trả lời của tác nhân đã đạt được mục tiêu của câu hỏi bằng cách liệt kê đầy đủ các vấn đề mà học phần 'Kinh tế chính trị Mác-Lênin' nghiên cứu, bao gồm kinh tế thị trường định hướng xã hội chủ nghĩa, công nghiệp hóa, hiện đại hóa và hội nhập kinh tế quốc tế. Thông tin được cung cấp chính xác và phù hợp với đáp án mong đợi. Cấu trúc câu trả lời rõ ràng, logic và dễ hiểu. Tác nhân đã sử dụng công cụ RAG để tìm kiếm thông tin nội bộ, điều này là phù hợp với ngữ cảnh. Không có thông tin nào bị bịa đặt, tất cả đều dựa trên nguồn tài liệu đã được trích dẫn."
33,RAG_ONLY,Medium,Học phần 'Xác suất và thống kê' cung cấp những kiến thức cơ bản nào?,2.67,2,1164,153,202.88,"Học phần ""Xác suất và thống kê"" cung cấp những kiến thức cơ bản sau:

1. Các phép tính về xác suất.
2. Quy luật phân phối xác suất của đại lượng ngẫu nhiên.
3. Các tham số đặc trưng của đại lượng ngẫu nhiên.
4. Lý thuyết mẫu.
5. Ước lượng các tham số của đại lượng ngẫu nhiên.
6. Kiểm định giả thiết thống kê.
7. Lý thuyết về tương quan và hồi quy.

Những kiến thức này là cơ bản để vận dụng giải quyết các bài toán trong kinh tế và kỹ thuật.",1,5,5,1,1,"Câu trả lời của agent đã đạt được mục tiêu khi trả lời đúng câu hỏi về các kiến thức cơ bản của học phần 'Xác suất và thống kê'. Thông tin được cung cấp rất chính xác và đầy đủ so với đáp án mong đợi. Cấu trúc câu trả lời rõ ràng, logic và dễ hiểu. Agent đã sử dụng công cụ RAG để tìm kiếm thông tin nội bộ, điều này là phù hợp với yêu cầu. Không có thông tin nào bị bịa đặt, tất cả đều dựa trên nguồn tài liệu có sẵn."
34,RAG_ONLY,Easy,Trình độ tiếng Anh mục tiêu của học phần 'Tiếng Anh 1' là gì?,3.32,2,1186,140,200.75,"Học phần 'Tiếng Anh 1' nhằm mục tiêu giúp người học đạt được trình độ tiếng Anh ở cấp độ đầu của trình độ A2. Nội dung học phần bao gồm kiến thức về từ vựng, phát âm và ngữ pháp cơ bản liên quan đến các chủ đề quen thuộc trong đời sống hàng ngày. Ngoài ra, học phần còn cung cấp các bài luyện tập để phát triển kỹ năng nghe, nói, đọc, viết cơ bản, cùng với việc rèn luyện kỹ năng thuyết trình và giao tiếp.",1,5,5,1,1,"Agent đã trả lời đúng câu hỏi về trình độ tiếng Anh mục tiêu của học phần 'Tiếng Anh 1', đó là cấp độ đầu của trình độ A2. Thông tin này hoàn toàn chính xác so với đáp án mong đợi. Câu trả lời của agent cũng rất mạch lạc và có cấu trúc tốt, cung cấp thêm thông tin chi tiết về nội dung học phần mà không làm sai lệch thông tin chính. Agent đã sử dụng công cụ RAG một cách phù hợp để tìm kiếm thông tin nội bộ và không có dấu hiệu của thông tin bịa đặt hay sai lệch."
35,RAG_ONLY,Easy,Học phần 'Tiếng Anh 3' hướng tới đạt trình độ nào?,2.52,2,1079,131,184.0,"Học phần 'Tiếng Anh 3' hướng tới đạt trình độ đầu của cấp độ B1. Nội dung học phần bao gồm kiến thức về từ vựng, phát âm, ngữ pháp cơ bản liên quan tới các chủ đề quen thuộc trong đời sống hàng ngày và các bài luyện tập đa dạng giúp rèn luyện các kỹ năng nghe, nói, đọc, viết. Ngoài ra, học phần còn giúp người học phát triển năng lực tự học, kỹ năng làm việc nhóm, thuyết trình và giao tiếp.",1,5,5,1,1,"Agent đã trả lời đúng câu hỏi cốt lõi về trình độ mà học phần 'Tiếng Anh 3' hướng tới, đó là cấp độ đầu của trình độ B1. Thông tin này hoàn toàn chính xác so với đáp án mong đợi. Câu trả lời của agent cũng rất mạch lạc và có cấu trúc tốt, cung cấp thêm thông tin chi tiết về nội dung học phần mà không làm sai lệch thông tin chính. Agent đã sử dụng công cụ RAG để tìm kiếm thông tin nội bộ, điều này là phù hợp với ngữ cảnh. Không có thông tin nào bị bịa đặt, tất cả đều dựa trên dữ liệu có sẵn."
36,RAG_ONLY,Medium,Học phần 'Tin học trong Kinh tế công nghiệp' bao gồm những nội dung chính nào?,3.03,2,1048,149,186.88,"Học phần ""Tin học trong Kinh tế công nghiệp"" là một học phần bắt buộc dành cho sinh viên ngành Kinh tế công nghiệp. Nội dung chính của học phần này bao gồm:

- Tin học văn phòng
- Các phần mềm ứng dụng trong tài chính và kế toán trong doanh nghiệp công nghiệp
- Soạn thảo văn bản hợp đồng kinh tế

Học phần này nhằm giúp sinh viên bổ sung kiến thức và kỹ năng về ứng dụng công nghệ thông tin trong môi trường làm việc sau khi tốt nghiệp.",1,5,5,1,1,"Agent đã trả lời đúng câu hỏi cốt lõi về nội dung chính của học phần 'Tin học trong Kinh tế công nghiệp'. Thông tin được cung cấp hoàn toàn chính xác và khớp với đáp án mong đợi. Câu trả lời được trình bày rõ ràng, mạch lạc và có cấu trúc tốt. Agent đã sử dụng công cụ RAG để tìm kiếm thông tin nội bộ, điều này là phù hợp với ngữ cảnh. Không có thông tin nào bị bịa đặt, tất cả đều dựa trên nguồn tài liệu có sẵn."
37,RAG_ONLY,Hard,Liệt kê các luật được đề cập trong học phần 'Pháp luật đại cương'.,2.4,2,1207,132,200.38,"Trong học phần 'Pháp luật đại cương', các luật được đề cập bao gồm:

1. Luật Hiến pháp Việt Nam
2. Luật Hành chính Việt Nam
3. Luật Dân sự Việt Nam
4. Luật Hình sự Việt Nam
5. Luật Hôn nhân và Gia đình Việt Nam
6. Luật Phòng, chống tham nhũng

Ngoài ra, học phần này còn bao gồm các nội dung khái quát chung về Nhà nước, khái quát chung về pháp luật, và hệ thống pháp luật Việt Nam.",1,5,5,1,1,"Agent đã trả lời đúng câu hỏi cốt lõi bằng cách liệt kê đầy đủ các luật được đề cập trong học phần 'Pháp luật đại cương'. Thông tin cung cấp hoàn toàn chính xác và khớp với đáp án mong đợi. Câu trả lời được trình bày rõ ràng, có cấu trúc hợp lý và dễ hiểu. Agent đã sử dụng công cụ RAG để tìm kiếm thông tin nội bộ, điều này là phù hợp với yêu cầu của câu hỏi. Không có thông tin nào bị bịa đặt hoặc sai lệch so với nguồn gốc."
38,RAG_ONLY,Medium,Học phần 'Lịch sử các học thuyết kinh tế' bao gồm các trường phái nào?,6.1,2,1193,326,271.38,"Học phần ""Lịch sử các học thuyết kinh tế"" bao gồm các trường phái sau:

1. **Chủ nghĩa Trọng thương**: Một trong những trường phái kinh tế đầu tiên, tập trung vào việc tích lũy vàng bạc và thặng dư thương mại.

2. **Trường phái kinh tế chính trị học cổ điển**: Bao gồm các nhà kinh tế như Adam Smith, David Ricardo, và John Stuart Mill, tập trung vào các nguyên tắc của thị trường tự do và lợi ích cá nhân.

3. **Học thuyết kinh tế của Mác-Lênin**: Phân tích kinh tế từ góc độ của chủ nghĩa Marx, nhấn mạnh vào mâu thuẫn giai cấp và sự phân phối của cải.

4. **Học thuyết kinh tế của Trường phái Tân cổ điển**: Tập trung vào lý thuyết cung cầu, tối ưu hóa và cân bằng thị trường.

5. **Học thuyết kinh tế Trường phái Keynes**: Được phát triển bởi John Maynard Keynes, nhấn mạnh vai trò của chính phủ trong việc điều tiết nền kinh tế và quản lý chu kỳ kinh tế.

6. **Học thuyết kinh tế của Trường phái Chính hiện đại**: Tập trung vào các lý thuyết và mô hình kinh tế hiện đại, bao gồm cả các phương pháp phân tích kinh tế lượng và lý thuyết trò chơi.

Học phần này cung cấp cho sinh viên kiến thức về lịch sử hình thành và phát triển của các học thuyết kinh tế theo thời gian.",1,5,5,1,1,"Agent đã trả lời đúng câu hỏi cốt lõi về các trường phái kinh tế trong học phần 'Lịch sử các học thuyết kinh tế'. Thông tin được cung cấp hoàn toàn chính xác và khớp với đáp án mong đợi. Câu trả lời được trình bày rõ ràng, logic và có cấu trúc tốt. Agent đã sử dụng công cụ RAG để tìm kiếm thông tin nội bộ, điều này là phù hợp với yêu cầu. Không có thông tin nào bị bịa đặt hoặc sai lệch so với nguồn gốc."
39,RAG_ONLY,Medium,Mục đích của học phần 'Định hướng nghề nghiệp ngành Kinh tế công nghiệp' là gì?,2.67,2,1169,186,215.88,"Học phần ""Định hướng nghề nghiệp ngành Kinh tế công nghiệp"" là một học phần tự chọn dành cho sinh viên khối ngành kinh tế. Mục đích của học phần này bao gồm:

1. Giới thiệu chương trình đào tạo, bao gồm mục tiêu, chuẩn đầu ra và khung chương trình.
2. Giới thiệu về ngành nghề, các vị trí việc làm và khung năng lực gắn với các vị trí việc làm.
3. Hướng dẫn sinh viên xây dựng mục tiêu học tập, rèn luyện và lập kế hoạch phát triển bản thân.

Học phần này giúp sinh viên hiểu rõ hơn về ngành nghề mà họ đã lựa chọn và định hướng tốt hơn cho quá trình học tập tại trường.",1,5,5,1,1,"Câu trả lời của tác nhân đã đạt được mục tiêu của câu hỏi bằng cách cung cấp thông tin chi tiết về mục đích của học phần 'Định hướng nghề nghiệp ngành Kinh tế công nghiệp'. Thông tin được cung cấp rất chính xác và phù hợp với thông tin mong đợi, bao gồm các khía cạnh như giới thiệu chương trình đào tạo, vị trí việc làm, khung năng lực, và hướng dẫn xây dựng mục tiêu và kế hoạch phát triển bản thân. Câu trả lời cũng được trình bày một cách logic và có cấu trúc rõ ràng. Tác nhân đã sử dụng đúng công cụ RAG để tìm kiếm thông tin nội bộ và không có thông tin nào bị bịa đặt."
40,RAG_ONLY,Medium,Học phần 'Luật kinh doanh' trang bị kỹ năng gì cho sinh viên?,4.21,2,1084,270,236.75,"Học phần 'Luật kinh doanh' trang bị cho sinh viên các kỹ năng sau:

1. **Hiểu biết về pháp luật kinh doanh thương mại**: Sinh viên sẽ nắm vững các quy định pháp lý liên quan đến kinh doanh thương mại, giúp họ hiểu rõ hơn về môi trường pháp lý mà doanh nghiệp hoạt động.

2. **Quản lý và tổ chức doanh nghiệp**: Học phần cung cấp kiến thức về quy chế pháp lý trong việc thành lập, quản lý, điều hành và tổ chức lại doanh nghiệp.

3. **Giải quyết tranh chấp kinh doanh**: Sinh viên được trang bị kỹ năng giải quyết các vấn đề pháp lý thực tiễn, bao gồm cả việc xử lý tranh chấp kinh doanh theo pháp luật Việt Nam.

4. **Pháp luật phá sản doanh nghiệp**: Kiến thức về pháp luật phá sản giúp sinh viên hiểu rõ quy trình và các quy định liên quan đến việc phá sản doanh nghiệp.

Những kỹ năng này giúp sinh viên có thể áp dụng vào thực tiễn hoạt động kinh doanh, đảm bảo tuân thủ pháp luật và quản lý doanh nghiệp hiệu quả.",1,4,5,1,1,"Câu trả lời của agent đã đạt được mục tiêu chính là giải thích các kỹ năng mà học phần 'Luật kinh doanh' trang bị cho sinh viên. Thông tin được cung cấp khá chính xác so với đáp án mong đợi, mặc dù có thêm một số chi tiết bổ sung như hiểu biết về pháp luật kinh doanh thương mại và pháp luật phá sản doanh nghiệp. Cấu trúc câu trả lời rõ ràng và logic, giúp người đọc dễ dàng hiểu được nội dung. Agent đã sử dụng công cụ RAG để tìm kiếm thông tin nội bộ, điều này là phù hợp với ngữ cảnh. Không có thông tin nào bị bịa đặt, tất cả đều dựa trên nguồn tài liệu có sẵn."
41,RAG_ONLY,Medium,Nội dung chính của học phần 'Kinh tế học vi mô' bao gồm những gì?,3.4,2,1198,188,220.25,"Học phần ""Kinh tế học vi mô"" là một học phần cơ sở bắt buộc đối với sinh viên khối ngành kinh tế. Nội dung chính của học phần này bao gồm:

1. Tổng quan về kinh tế học.
2. Cung - cầu.
3. Độ co giãn.
4. Lý thuyết hành vi người tiêu dùng.
5. Lý thuyết hành vi nhà sản xuất.
6. Cấu trúc thị trường.
7. Thị trường yếu tố sản xuất.
8. Vai trò của chính phủ trong nền kinh tế thị trường.

Học phần này giúp sinh viên làm quen với các thuật ngữ kinh tế, các nguyên lý kinh tế cơ bản, các quy luật kinh tế và các phương pháp nghiên cứu kinh tế. Đây là cơ sở, nền tảng để sinh viên có thể tiếp cận các kiến thức chuyên ngành sau này.",1,4,5,1,1,"Agent đã trả lời đúng câu hỏi chính về nội dung của học phần 'Kinh tế học vi mô'. Câu trả lời của agent bao gồm tất cả các yếu tố chính được đề cập trong đáp án mong đợi, và còn bổ sung thêm một số nội dung khác như 'tổng quan về kinh tế học' và 'thị trường yếu tố sản xuất'. Mặc dù có thêm thông tin không có trong đáp án mong đợi, nhưng các thông tin này không sai lệch và có thể được coi là bổ sung hợp lý. Câu trả lời được trình bày rõ ràng và có cấu trúc tốt. Agent đã sử dụng công cụ RAG để tìm kiếm thông tin nội bộ, điều này là phù hợp với yêu cầu. Không có thông tin nào bị bịa đặt trong câu trả lời của agent."
42,RAG_ONLY,Medium,Học phần 'Kinh tế học vĩ mô' giúp sinh viên hiểu về các mô hình và chính sách nào?,4.33,2,1247,342,284.12,"Học phần ""Kinh tế học vĩ mô"" giúp sinh viên hiểu về các mô hình và chính sách sau:

1. **Đối tượng và phương pháp nghiên cứu môn kinh tế học vĩ mô**: Giới thiệu về các khái niệm cơ bản và phương pháp nghiên cứu trong kinh tế học vĩ mô.

2. **Tổng sản phẩm và thu nhập quốc dân**: Nghiên cứu về cách tính toán và ý nghĩa của tổng sản phẩm quốc nội (GDP) và thu nhập quốc dân.

3. **Tổng cầu và chính sách tài khoá**: Phân tích tổng cầu trong nền kinh tế và các chính sách tài khoá ảnh hưởng đến nó.

4. **Tiền tệ và chính sách tiền tệ**: Khám phá vai trò của tiền tệ trong nền kinh tế và các chính sách tiền tệ của ngân hàng trung ương.

5. **Mô hình IS-LM và chính sách kinh tế vĩ mô trong một nền kinh tế đóng**: Sử dụng mô hình IS-LM để phân tích sự cân bằng trong nền kinh tế và tác động của các chính sách kinh tế vĩ mô.

6. **Lạm phát và thất nghiệp**: Nghiên cứu về nguyên nhân và hậu quả của lạm phát và thất nghiệp.

7. **Kinh tế vĩ mô trong một nền kinh tế mở**: Phân tích các vấn đề kinh tế vĩ mô khi nền kinh tế có sự giao thương với nước ngoài.

Học phần này giúp sinh viên nắm được ý nghĩa của các chỉ tiêu kinh tế vĩ mô và đánh giá được những tác động của các chính sách kinh tế vĩ mô đến doanh nghiệp và hộ gia đình.",1,4,5,1,1,"Câu trả lời của agent đã đạt được mục tiêu chính là giải thích các mô hình và chính sách trong học phần 'Kinh tế học vĩ mô'. Agent đã đề cập đến các mô hình và chính sách như mô hình IS-LM, chính sách tài khóa và chính sách tiền tệ, phù hợp với đáp án mong đợi. Tuy nhiên, agent đã cung cấp thêm thông tin chi tiết về các khía cạnh khác của học phần, điều này không làm sai lệch thông tin nhưng không hoàn toàn cần thiết cho câu hỏi. Câu trả lời được cấu trúc tốt và logic. Agent đã sử dụng công cụ RAG để tìm kiếm thông tin nội bộ, điều này là phù hợp. Không có thông tin nào bị bịa đặt trong câu trả lời của agent."
43,RAG_ONLY,Hard,Học phần 'Đề án kinh tế học' có vai trò gì trong chương trình đào tạo?,7.74,4,1479,255,280.5,"Hiện tại, tôi không tìm thấy thông tin cụ thể về vai trò của học phần ""Đề án kinh tế học"" trong chương trình đào tạo từ các tài liệu nội bộ. Tuy nhiên, thông qua tìm kiếm trên web, có thể thấy rằng các học phần trong chương trình đào tạo kinh tế thường đóng vai trò quan trọng trong việc phát triển kiến thức lý thuyết và thực tiễn cho sinh viên. Chúng giúp sinh viên hiểu rõ hơn về sự phát triển kinh tế quốc tế, cung cấp nền tảng lý thuyết và thực tiễn cần thiết để đáp ứng yêu cầu phát triển kinh tế - xã hội.

Nếu bạn cần thông tin chi tiết hơn về học phần này, có thể cần tham khảo trực tiếp từ tài liệu giảng dạy hoặc liên hệ với bộ phận đào tạo của trường đại học liên quan.",0,2,3,1,1,"Agent không trả lời trực tiếp câu hỏi về vai trò của học phần 'Đề án kinh tế học' trong chương trình đào tạo. Thay vào đó, agent đưa ra thông tin chung về vai trò của các học phần kinh tế trong việc phát triển kiến thức lý thuyết và thực tiễn, nhưng không cụ thể cho học phần được hỏi. Mặc dù thông tin không sai, nhưng không chính xác và không đầy đủ so với đáp án mong đợi. Cấu trúc câu trả lời khá logic và mạch lạc, nhưng không đáp ứng được yêu cầu của câu hỏi. Agent đã sử dụng đúng công cụ tìm kiếm web để tìm thông tin bên ngoài, và không có thông tin nào bị bịa đặt."
44,RAG_ONLY,Easy,"Nội dung '4P' (Sản phẩm, giá, phân phối, xúc tiến) nằm trong học phần nào?",6.65,4,981,210,201.38,"Nội dung ""4P"" (Sản phẩm, Giá, Phân phối, Xúc tiến) thường nằm trong học phần liên quan đến Marketing, cụ thể là trong các khóa học về Marketing căn bản hoặc Quản trị Marketing. Đây là một phần của chiến lược marketing mix, được giảng dạy rộng rãi trong các chương trình đào tạo về kinh doanh và quản trị.

Trong tài liệu nội bộ mà tôi đã tìm kiếm, không có thông tin cụ thể về học phần nào chứa nội dung này. Tuy nhiên, thông thường, các học phần như ""Phân tích hoạt động kinh doanh"" hoặc ""Quản trị Marketing"" sẽ bao gồm nội dung về 4P.",1,4,4,1,1,"Agent đã trả lời câu hỏi cốt lõi về nội dung '4P' nằm trong học phần nào, và đã chỉ ra rằng nó thường nằm trong các khóa học về Marketing căn bản hoặc Quản trị Marketing. Mặc dù không có thông tin cụ thể từ tài liệu nội bộ, câu trả lời vẫn chính xác và phù hợp với kiến thức chung về Marketing. Câu trả lời có cấu trúc rõ ràng và logic. Agent đã sử dụng đúng công cụ tìm kiếm thông tin từ tài liệu nội bộ và web. Không có thông tin nào bị bịa đặt trong câu trả lời của agent."
45,RAG_ONLY,Medium,Học phần 'Nguyên lý kế toán' cung cấp những kiến thức nền tảng gì?,8.73,2,1127,232,227.88,"Học phần ""Nguyên lý kế toán"" cung cấp những kiến thức nền tảng sau:

1. **Khái niệm và bản chất của kế toán**: Hiểu rõ về khái niệm, bản chất, đối tượng, mục đích, chức năng, nhiệm vụ, nguyên tắc và yêu cầu của kế toán.

2. **Phương pháp kế toán**: Nắm vững các phương pháp kế toán cơ bản.

3. **Quá trình thu thập và ghi chép số liệu kế toán**: Học cách thu thập và ghi chép số liệu kế toán một cách chính xác và hiệu quả.

4. **Kế toán các quá trình kinh doanh chủ yếu**: Hiểu về cách thức kế toán các quá trình kinh doanh chính.

5. **Hình thức kế toán**: Tìm hiểu về các hình thức kế toán khác nhau.

6. **Tổ chức công tác kế toán**: Nắm bắt nội dung và các hình thức tổ chức công tác kế toán.

Học phần này là cơ sở để tiếp thu các kiến thức chuyên ngành có liên quan trong lĩnh vực kinh tế.",1,5,5,1,1,"Câu trả lời của agent đã đạt được mục tiêu của câu hỏi bằng cách cung cấp thông tin chi tiết về các kiến thức nền tảng của học phần 'Nguyên lý kế toán'. Thông tin được cung cấp rất chính xác và đầy đủ so với đáp án mong đợi, bao gồm cả bản chất, đối tượng, phương pháp kế toán, quá trình thu thập/ghi chép số liệu, và các hình thức kế toán. Cấu trúc câu trả lời rõ ràng và logic, giúp người đọc dễ dàng hiểu được nội dung. Agent đã sử dụng công cụ RAG để tìm kiếm thông tin nội bộ, điều này là phù hợp với yêu cầu của câu hỏi. Không có thông tin nào bị bịa đặt, tất cả đều dựa trên nguồn tài liệu đã được trích dẫn."
46,RAG_ONLY,Medium,Học phần 'Thống kê doanh nghiệp' hướng dẫn tính toán các chỉ tiêu nào?,8.87,2,1225,246,245.38,"Học phần 'Thống kê doanh nghiệp' hướng dẫn tính toán các chỉ tiêu sau:

1. **Đánh giá kết quả và hiệu quả hoạt động sản xuất kinh doanh của doanh nghiệp**: Phương pháp tính các chỉ tiêu để đánh giá hiệu quả hoạt động kinh doanh.

2. **Chi phí sản xuất và giá thành sản phẩm**: Phương pháp xác định các chỉ tiêu thống kê liên quan đến chi phí sản xuất và giá thành sản phẩm.

3. **Tình hình sử dụng lao động**: Cách tính các chỉ tiêu thống kê về tình hình sử dụng lao động trong doanh nghiệp.

4. **Đánh giá tài sản cố định**: Phương pháp đánh giá tài sản cố định của doanh nghiệp.

5. **Nguồn vốn của doanh nghiệp**: Phương pháp xác định các chỉ tiêu thống kê về nguồn vốn của doanh nghiệp.

Học phần này giúp sinh viên nắm vững phương pháp và rèn luyện kỹ năng tính toán các chỉ tiêu thống kê trong doanh nghiệp.",1,5,5,1,1,"Câu trả lời của agent đã đạt được mục tiêu của câu hỏi bằng cách liệt kê đầy đủ các chỉ tiêu mà học phần 'Thống kê doanh nghiệp' hướng dẫn tính toán, bao gồm kết quả sản xuất kinh doanh, chi phí giá thành, lao động, tài sản cố định và nguồn vốn. Thông tin này hoàn toàn chính xác so với đáp án mong đợi. Câu trả lời cũng được trình bày một cách logic và có cấu trúc rõ ràng. Agent đã sử dụng công cụ RAG để tìm kiếm thông tin nội bộ, điều này là phù hợp với ngữ cảnh của câu hỏi. Không có thông tin nào bị bịa đặt trong câu trả lời của agent."
47,RAG_ONLY,Hard,Học phần 'Phân tích hoạt động kinh doanh' giúp sinh viên làm gì?,3.37,2,1225,200,228.13,"Học phần ""Phân tích hoạt động kinh doanh"" là một học phần cơ sở bắt buộc đối với sinh viên khối ngành kinh tế. Nội dung của học phần này bao gồm:

- Tổng quan về phân tích hoạt động kinh doanh.
- Phân tích kết quả hoạt động sản xuất kinh doanh.
- Phân tích tình hình sử dụng các yếu tố trong sản xuất kinh doanh.
- Phân tích về chi phí, giá thành sản phẩm, tiêu thụ và lợi nhuận.
- Phân tích tình hình tài chính của doanh nghiệp.

Học phần này giúp sinh viên áp dụng kiến thức đã học vào việc phân tích và đánh giá tình trạng hoạt động sản xuất kinh doanh của doanh nghiệp, từ đó đưa ra giải pháp nâng cao hiệu quả sản xuất kinh doanh.",1,4,5,1,1,"Câu trả lời của agent đã đạt được mục tiêu chính là giải thích học phần 'Phân tích hoạt động kinh doanh' giúp sinh viên làm gì. Thông tin được cung cấp khá chính xác so với đáp án mong đợi, mặc dù có một số chi tiết bổ sung không cần thiết. Cấu trúc câu trả lời rõ ràng và logic, giúp người đọc dễ hiểu. Agent đã sử dụng đúng công cụ RAG để tìm kiếm thông tin nội bộ và không có dấu hiệu của thông tin bịa đặt."
48,RAG_ONLY,Easy,Nội dung 'định giá dòng tiền chiết khấu' và 'NPV' thuộc học phần nào?,5.91,4,1393,169,237.5,"Nội dung về ""định giá dòng tiền chiết khấu"" (Discounted Cash Flow - DCF) và ""Giá trị hiện tại thuần"" (Net Present Value - NPV) thường thuộc về học phần Tài chính doanh nghiệp hoặc Quản trị tài chính. Đây là các khái niệm quan trọng trong việc đánh giá giá trị hiện tại của các dự án đầu tư và thường được giảng dạy trong các khóa học liên quan đến tài chính và đầu tư.",1,4,5,1,1,"Agent đã trả lời đúng câu hỏi cốt lõi về nội dung 'định giá dòng tiền chiết khấu' và 'NPV' thuộc học phần nào. Mặc dù câu trả lời của Agent không hoàn toàn khớp với đáp án mong đợi, nhưng nó vẫn chính xác khi đề cập đến 'Tài chính doanh nghiệp' và thêm 'Quản trị tài chính' là các học phần có thể bao gồm nội dung này. Câu trả lời của Agent rất logic và có cấu trúc tốt. Agent đã sử dụng đúng công cụ tìm kiếm thông tin từ nguồn bên ngoài. Không có thông tin nào bị bịa đặt trong câu trả lời của Agent."
49,RAG_ONLY,Easy,Các chức năng quản trị được dạy trong môn 'Quản trị học' là gì?,6.97,4,1428,268,279.0,"Trong môn ""Quản trị học"", các chức năng quản trị thường được giảng dạy bao gồm:

1. **Lập kế hoạch (Planning):** Xác định mục tiêu và các bước cần thiết để đạt được mục tiêu đó. Đây là bước đầu tiên và quan trọng nhất trong quá trình quản trị.

2. **Tổ chức (Organizing):** Sắp xếp và phân bổ nguồn lực, bao gồm con người, tài chính, và vật chất, để thực hiện kế hoạch đã đề ra.

3. **Lãnh đạo (Leading):** Hướng dẫn, động viên và lãnh đạo nhân viên để họ thực hiện công việc hiệu quả và đạt được mục tiêu của tổ chức.

4. **Kiểm soát (Controlling):** Theo dõi và đánh giá tiến độ thực hiện kế hoạch, điều chỉnh các hoạt động khi cần thiết để đảm bảo mục tiêu được hoàn thành.

Những chức năng này giúp nhà quản trị điều hành tổ chức một cách hiệu quả và đạt được các mục tiêu đã đề ra.",1,5,5,0,1,"Agent đã trả lời đúng câu hỏi về các chức năng quản trị được dạy trong môn 'Quản trị học', bao gồm hoạch định, tổ chức, lãnh đạo và kiểm tra. Câu trả lời của agent rất chính xác và đầy đủ so với đáp án mong đợi. Cấu trúc câu trả lời rõ ràng, logic và dễ hiểu. Tuy nhiên, agent đã sử dụng công cụ không phù hợp (RAG search) khi không có thông tin liên quan trong tài liệu nội bộ và không cần thiết phải tìm kiếm trên web. Không có thông tin nào bị bịa đặt trong câu trả lời của agent."
50,RAG_ONLY,Medium,Học phần 'Kinh tế lượng' nghiên cứu các khuyết tật mô hình nào?,4.2,2,1056,199,206.62,"Học phần ""Kinh tế lượng"" nghiên cứu các khuyết tật có thể xảy ra của một mô hình kinh tế lượng như:

1. **Đa cộng tuyến**: Tình trạng khi các biến độc lập trong mô hình có mối quan hệ tuyến tính với nhau, làm cho việc ước lượng các hệ số hồi quy trở nên không chính xác.

2. **Phương sai của sai số thay đổi**: Tình trạng khi phương sai của sai số không đồng nhất, có thể ảnh hưởng đến tính hiệu quả của các ước lượng.

3. **Tự tương quan**: Tình trạng khi các sai số trong mô hình có mối quan hệ với nhau, vi phạm giả định về tính độc lập của các sai số.

Học phần này giúp sinh viên nắm được quy trình phân tích hồi quy để giải quyết những bài toán kinh tế cụ thể.",1,5,5,1,1,"Agent đã trả lời đúng câu hỏi cốt lõi về các khuyết tật mô hình trong học phần 'Kinh tế lượng'. Thông tin được cung cấp hoàn toàn chính xác và khớp với đáp án mong đợi, bao gồm các khuyết tật như đa cộng tuyến, phương sai của sai số thay đổi và tự tương quan. Câu trả lời được trình bày rõ ràng, logic và có cấu trúc tốt. Agent đã sử dụng công cụ RAG một cách phù hợp để tìm kiếm thông tin từ nguồn nội bộ và không có thông tin nào bị bịa đặt."
51,RAG_ONLY,Easy,Mối quan hệ 'Chi phí - Khối lượng - Lợi nhuận' được giảng dạy trong môn nào?,6.78,4,1405,171,239.75,"Mối quan hệ 'Chi phí - Khối lượng - Lợi nhuận' (Cost-Volume-Profit, CVP) thường được giảng dạy trong các môn học liên quan đến kế toán quản trị hoặc quản lý tài chính. Đây là một phần quan trọng trong việc phân tích điểm hòa vốn và ra quyết định kinh doanh, giúp các nhà quản trị hiểu rõ hơn về cách chi phí và khối lượng sản xuất ảnh hưởng đến lợi nhuận của doanh nghiệp.",1,3,4,1,1,"Agent đã trả lời câu hỏi cốt lõi về mối quan hệ 'Chi phí - Khối lượng - Lợi nhuận' và môn học liên quan. Tuy nhiên, câu trả lời không chính xác hoàn toàn so với đáp án mong đợi 'Kế toán quản trị 1', mà chỉ đề cập đến các môn học liên quan đến kế toán quản trị hoặc quản lý tài chính. Câu trả lời có cấu trúc logic và dễ hiểu. Agent đã sử dụng đúng công cụ tìm kiếm web để tìm thông tin bên ngoài. Không có thông tin nào bị bịa đặt trong câu trả lời của agent."
52,RAG_ONLY,Medium,Mục tiêu của học phần 'Thực tập cơ sở ngành (Chuyên ngành Kế toán DNCN)' là gì?,3.29,2,1121,137,191.5,"Mục tiêu của học phần ""Thực tập cơ sở ngành (Chuyên ngành Kế toán DNCN)"" là phát triển kỹ năng cho sinh viên chuyên ngành Kế toán doanh nghiệp công nghiệp. Học phần này bao gồm hệ thống các tình huống giả định được xây dựng trên bộ dữ liệu thực tế, giúp sinh viên rèn luyện các kỹ năng trong việc thực hành quy trình luân chuyển chứng từ kế toán trên một số phần hành kế toán.",1,4,5,1,1,"Câu trả lời của agent đã đạt được mục tiêu chính của câu hỏi, đó là nêu rõ mục tiêu của học phần 'Thực tập cơ sở ngành (Chuyên ngành Kế toán DNCN)'. Thông tin được cung cấp khá chính xác so với đáp án mong đợi, mặc dù có thêm một số chi tiết bổ sung không có trong đáp án gốc nhưng không làm sai lệch ý nghĩa chính. Câu trả lời được trình bày một cách logic và có cấu trúc rõ ràng. Agent đã sử dụng đúng công cụ RAG để tìm kiếm thông tin nội bộ. Không có dấu hiệu của thông tin bịa đặt trong câu trả lời của agent."
53,RAG_ONLY,Medium,Học phần 'Kiểm toán căn bản' trang bị những kiến thức gì?,3.67,2,1239,167,217.5,"Học phần ""Kiểm toán căn bản"" trang bị cho sinh viên ngành Kinh tế công nghiệp những kiến thức và kỹ năng cơ bản về lĩnh vực kiểm toán. Cụ thể, học phần này bao gồm:

- Bản chất, đối tượng, mục đích và chức năng của kiểm toán.
- Các phương pháp kiểm toán.
- Quá trình thu thập và ghi chép số liệu kiểm toán.
- Các hình thức tổ chức công tác kiểm toán.
- Tổ chức bộ máy kiểm toán và các chuẩn mực kiểm toán.

Học phần này giúp sinh viên có thể tiếp cận nhanh với công việc kế toán - kiểm toán sau khi tốt nghiệp.",1,4,5,1,1,"Câu trả lời của agent đã đạt được mục tiêu khi trả lời đúng câu hỏi về những kiến thức mà học phần 'Kiểm toán căn bản' trang bị. Thông tin được cung cấp khá chính xác so với đáp án mong đợi, mặc dù có thêm một số chi tiết như đối tượng, mục đích và chức năng của kiểm toán, cũng như quá trình thu thập và ghi chép số liệu kiểm toán. Tuy nhiên, những chi tiết này không làm sai lệch thông tin chính. Câu trả lời được trình bày một cách logic và có cấu trúc rõ ràng. Agent đã sử dụng đúng công cụ RAG để tìm kiếm thông tin nội bộ và không có dấu hiệu của thông tin bịa đặt."
54,RAG_ONLY,Medium,Học phần 'Nghiệp vụ ngân hàng thương mại' bao gồm các nghiệp vụ tín dụng nào?,3.69,2,1294,135,212.37,"Học phần ""Nghiệp vụ ngân hàng thương mại"" bao gồm các nghiệp vụ tín dụng của ngân hàng thương mại như:

- Cho vay
- Chiết khấu
- Bao thanh toán
- Cho thuê
- Bảo lãnh
- Quy trình tín dụng
- Nội dung của quy trình tín dụng
- Phân tích tín dụng

Ngoài ra, học phần này còn bao gồm các hoạt động huy động vốn, quản lý vốn, tài sản và các dịch vụ thanh toán của ngân hàng thương mại.",1,4,4,1,1,"Agent đã trả lời đúng câu hỏi chính về các nghiệp vụ tín dụng trong học phần 'Nghiệp vụ ngân hàng thương mại', bao gồm: cho vay, chiết khấu, bao thanh toán, cho thuê, bảo lãnh. Tuy nhiên, agent đã cung cấp thêm thông tin không cần thiết như quy trình tín dụng, nội dung của quy trình tín dụng, và phân tích tín dụng, điều này làm giảm độ chính xác so với ground truth. Câu trả lời có cấu trúc hợp lý và logic. Agent đã sử dụng đúng công cụ RAG để tìm kiếm thông tin nội bộ và không có dấu hiệu của thông tin bịa đặt."
55,RAG_ONLY,Easy,Học phần 'Kế toán hành chính sự nghiệp' hướng dẫn cách lập loại báo cáo nào?,3.19,2,1050,69,157.12,"Học phần ""Kế toán hành chính sự nghiệp"" hướng dẫn cách lập và đọc các báo cáo tài chính của các đơn vị hành chính sự nghiệp.",1,5,5,1,1,"Câu trả lời của agent đã đạt được mục tiêu của câu hỏi, đó là xác định loại báo cáo mà học phần 'Kế toán hành chính sự nghiệp' hướng dẫn lập. Thông tin được cung cấp là chính xác và phù hợp với thông tin mong đợi, không có sự sai lệch. Câu trả lời cũng được trình bày một cách logic và có cấu trúc rõ ràng. Agent đã sử dụng công cụ RAG để tìm kiếm thông tin nội bộ, điều này là phù hợp với ngữ cảnh. Không có dấu hiệu của thông tin bịa đặt hay không có căn cứ trong câu trả lời của agent."
56,RAG_ONLY,Medium,Học phần 'Kế toán tài chính 1' tập trung vào các nội dung nào?,2.89,2,1258,174,222.5,"Học phần ""Kế toán tài chính 1"" là một học phần bắt buộc dành cho sinh viên chuyên ngành Kế toán doanh nghiệp công nghiệp. Nội dung của học phần này bao gồm:

- Kế toán tiền lương và các khoản trích theo lương.
- Kế toán tài sản cố định và bất động sản đầu tư.
- Kế toán hàng tồn kho.
- Kế toán tập hợp chi phí và tính giá thành sản phẩm.

Học phần này giúp sinh viên có khả năng phát hiện và xử lý các vấn đề liên quan đến công tác kế toán theo đúng nguyên tắc và chuẩn mực kế toán hiện hành. Đồng thời, nó cũng giúp sinh viên rèn luyện kỹ năng tự học và tự phát triển.",1,5,5,1,1,"Câu trả lời của agent đã đạt được mục tiêu của câu hỏi bằng cách liệt kê đầy đủ các nội dung chính của học phần 'Kế toán tài chính 1' như tiền lương, tài sản cố định, bất động sản đầu tư, hàng tồn kho và tính giá thành sản phẩm. Thông tin này hoàn toàn chính xác so với đáp án mong đợi. Câu trả lời cũng được trình bày một cách logic và có cấu trúc rõ ràng. Agent đã sử dụng công cụ RAG để tìm kiếm thông tin nội bộ, điều này là phù hợp với yêu cầu. Không có thông tin nào bị bịa đặt trong câu trả lời của agent."
57,RAG_ONLY,Easy,Học phần 'Kế toán tài chính 2' bao gồm việc lập báo cáo gì?,3.43,2,1134,150,198.0,"Học phần 'Kế toán tài chính 2' bao gồm việc lập Báo cáo tài chính. Nội dung của học phần này còn bao gồm kế toán vốn bằng tiền, tiền vay và các nghiệp vụ thanh toán; kế toán các nghiệp vụ đầu tư và dự phòng; kế toán tiêu thụ và xác định kết quả kinh doanh; kế toán nguồn vốn chủ sở hữu. Học phần này rèn luyện cho sinh viên những kỹ năng cần thiết trong việc xử lý các nghiệp vụ kinh tế phát sinh thực tế theo đúng chế độ, chuẩn mực kế toán.",1,5,5,1,1,"Agent đã trả lời đúng câu hỏi cốt lõi về việc học phần 'Kế toán tài chính 2' bao gồm việc lập Báo cáo tài chính. Thông tin được cung cấp không chỉ chính xác mà còn chi tiết hơn so với yêu cầu, bao gồm các nội dung khác của học phần. Câu trả lời được cấu trúc tốt và logic. Agent đã sử dụng công cụ RAG để tìm kiếm thông tin nội bộ, điều này là phù hợp với ngữ cảnh. Không có thông tin nào bị bịa đặt, tất cả đều dựa trên nguồn tài liệu có sẵn."
58,RAG_ONLY,Hard,"Trong 'Kế toán thuế', sinh viên được học về các loại thuế nào?",2.79,2,1078,121,180.12,"Trong học phần ""Kế toán thuế"", sinh viên được học về các loại thuế chủ yếu phát sinh trong các doanh nghiệp sản xuất và thương mại. Học phần này giúp sinh viên rèn luyện kỹ năng lập báo cáo thuế theo đúng quy định hiện hành và củng cố kiến thức đã học từ các học phần trước đó. Tuy nhiên, tài liệu không nêu rõ cụ thể từng loại thuế nào được học.",0,1,3,1,1,"Agent không trả lời đúng câu hỏi cốt lõi về các loại thuế mà sinh viên được học trong 'Kế toán thuế'. Thông tin cung cấp không chính xác so với đáp án mong đợi, vì không liệt kê cụ thể các loại thuế như GTGT, tiêu thụ đặc biệt, xuất nhập khẩu, thu nhập doanh nghiệp, thu nhập cá nhân và thuế tài sản. Câu trả lời có cấu trúc hợp lý nhưng không đáp ứng yêu cầu của câu hỏi. Agent đã sử dụng đúng công cụ RAG để tìm kiếm thông tin nội bộ, và không có thông tin bịa đặt trong câu trả lời."
59,RAG_ONLY,Easy,Học phần 'Kế toán máy' sử dụng phần mềm nào để giảng dạy?,2.56,2,1048,106,170.75,"Học phần 'Kế toán máy' sử dụng phần mềm Excel và phần mềm kế toán Misa SME.NET để giảng dạy. Nội dung học phần bao gồm các vấn đề cơ bản và ứng dụng trong kế toán trên Excel, cũng như các ứng dụng trên các phần hành kế toán doanh nghiệp sử dụng phần mềm Misa SME.NET.",1,5,5,1,1,"Agent đã trả lời đúng câu hỏi cốt lõi về phần mềm được sử dụng trong học phần 'Kế toán máy', đó là Excel và Misa SME.NET, hoàn toàn khớp với thông tin mong đợi. Câu trả lời của agent không chỉ chính xác mà còn được trình bày một cách logic và có cấu trúc rõ ràng. Agent đã sử dụng công cụ RAG để tìm kiếm thông tin nội bộ, điều này là phù hợp với yêu cầu. Không có thông tin nào bị bịa đặt trong câu trả lời của agent."
60,RAG_ONLY,Easy,Học phần 'Tổ chức công tác kế toán' giúp sinh viên rèn luyện kỹ năng cho vị trí nào?,3.35,2,1273,172,223.62,"Học phần ""Tổ chức công tác kế toán"" giúp sinh viên rèn luyện các kỹ năng cần thiết cho vị trí kế toán viên và kế toán tổng hợp. Nội dung của học phần bao gồm việc tổ chức công tác kế toán, vận dụng chế độ chứng từ kế toán, hệ thống tài khoản kế toán, sổ kế toán, các hình thức kế toán, tổ chức hệ thống báo cáo kế toán, và tổ chức bộ máy kế toán cũng như kiểm tra kế toán. Thông qua các bài tập thực tế, sinh viên sẽ được trang bị kiến thức và kỹ năng cần thiết để làm việc thực tế sau khi tốt nghiệp.",1,5,5,1,1,"Câu trả lời của agent đã đạt được mục tiêu khi trả lời đúng câu hỏi về vị trí mà học phần 'Tổ chức công tác kế toán' giúp sinh viên rèn luyện kỹ năng, đó là kế toán viên và kế toán tổng hợp. Thông tin này hoàn toàn chính xác so với đáp án mong đợi. Câu trả lời cũng được trình bày một cách logic và có cấu trúc rõ ràng, giải thích thêm về nội dung học phần và cách thức mà sinh viên được trang bị kiến thức và kỹ năng. Agent đã sử dụng công cụ RAG để tìm kiếm thông tin nội bộ, điều này là phù hợp với ngữ cảnh. Không có thông tin nào bị bịa đặt trong câu trả lời của agent."
61,RAG_ONLY,Easy,Học phần 'Kế toán quốc tế' giới thiệu về đặc điểm kế toán của quốc gia nào?,2.99,2,1239,108,195.38,"Học phần ""Kế toán Quốc tế"" giới thiệu về đặc điểm kế toán của một số nước trên thế giới, trong đó có đặc điểm cơ bản của kế toán Mỹ. Nội dung của học phần bao gồm các khái niệm, nguyên tắc, chuẩn mực kế toán quốc tế, và các hệ thống kế toán trên thế giới.",1,4,5,1,1,"Agent đã trả lời đúng câu hỏi cốt lõi bằng cách đề cập đến đặc điểm kế toán của Mỹ, mặc dù không chỉ rõ rằng Mỹ là quốc gia duy nhất được giới thiệu. Thông tin cung cấp là chính xác và phù hợp với dữ liệu nguồn, nhưng không hoàn toàn khớp với câu trả lời mong đợi. Câu trả lời được cấu trúc tốt và logic. Agent đã sử dụng công cụ RAG để tìm kiếm thông tin nội bộ, điều này là phù hợp. Không có thông tin nào bị bịa đặt trong câu trả lời của agent."
62,RAG_ONLY,Medium,Học phần 'Kế toán xây dựng cơ bản' đề cập đến đặc điểm hạch toán gì đặc thù?,3.79,2,1234,229,240.13,"Học phần ""Kế toán xây dựng cơ bản"" đề cập đến các đặc điểm hạch toán đặc thù như sau:

1. **Hạch toán chi phí sản xuất**: Đặc điểm hạch toán chi phí sản xuất trong các doanh nghiệp kinh doanh xây lắp và kế toán ở đơn vị chủ đầu tư.

2. **Tính giá thành sản phẩm và bàn giao công trình**: Học phần này bao gồm việc tính giá thành sản phẩm và quy trình bàn giao công trình xây lắp.

3. **Hạch toán doanh thu**: Đặc điểm hạch toán doanh thu trong hoạt động xây lắp.

4. **Xác định kết quả hoạt động xây lắp**: Sử dụng các phương thức kế toán trong xây dựng cơ bản theo chế độ hiện hành để xác định kết quả hoạt động xây lắp.

Học phần này giúp sinh viên nắm vững các kiến thức và kỹ năng cần thiết trong lĩnh vực kế toán doanh nghiệp công nghiệp, đặc biệt là trong ngành xây dựng.",1,5,5,1,1,"Câu trả lời của tác nhân đã đạt được mục tiêu của câu hỏi bằng cách liệt kê đầy đủ các đặc điểm hạch toán đặc thù của học phần 'Kế toán xây dựng cơ bản'. Thông tin được cung cấp chính xác và phù hợp với đáp án mong đợi, bao gồm chi phí sản xuất, tính giá thành sản phẩm, bàn giao công trình và doanh thu xây lắp. Câu trả lời cũng được trình bày một cách logic và có cấu trúc rõ ràng. Tác nhân đã sử dụng công cụ RAG để tìm kiếm thông tin nội bộ, điều này là phù hợp với ngữ cảnh. Không có thông tin nào bị bịa đặt trong câu trả lời của tác nhân."
63,RAG_ONLY,Medium,Học phần 'Kiểm toán nội bộ' bao gồm nội dung gì?,2.82,2,1126,167,203.38,"Học phần ""Kiểm toán nội bộ"" là một học phần tự chọn dành cho sinh viên ngành Kinh tế công nghiệp. Học phần này phát triển các kiến thức và kỹ năng theo định hướng kiểm toán cho sinh viên chuyên ngành Kế toán doanh nghiệp công nghiệp. Nội dung của học phần bao gồm:

1. Những vấn đề cơ bản về kiểm toán nội bộ.
2. Hệ thống chuẩn mực kiểm toán nội bộ.
3. Kiểm toán nội bộ với hoạt động kế toán trong đơn vị.
4. Quy trình kiểm toán nội bộ.
5. Báo cáo kiểm toán nội bộ.
6. Kiểm toán nội bộ một số phần hành kế toán trong doanh nghiệp.",1,5,5,1,1,"Câu trả lời của tác nhân đã đạt được mục tiêu của câu hỏi bằng cách liệt kê chi tiết các nội dung của học phần 'Kiểm toán nội bộ', bao gồm chuẩn mực, quy trình, báo cáo kiểm toán nội bộ và kiểm toán các phần hành kế toán trong doanh nghiệp. Thông tin này hoàn toàn khớp với đáp án mong đợi, không có thông tin sai lệch hay bịa đặt. Cấu trúc câu trả lời rõ ràng, logic và dễ hiểu. Tác nhân đã sử dụng công cụ RAG để tìm kiếm thông tin nội bộ, điều này là phù hợp với ngữ cảnh của câu hỏi."
64,RAG_ONLY,Hard,Mục tiêu của 'Thực tập tốt nghiệp Chuyên ngành Kế toán DNCN' là gì?,3.47,2,931,135,167.0,"Mục tiêu của 'Thực tập tốt nghiệp Chuyên ngành Kế toán DNCN' là giúp sinh viên chuyên ngành Kế toán doanh nghiệp công nghiệp rèn luyện kỹ năng làm việc, nghiên cứu độc lập, lập báo cáo và thuyết trình thông qua việc tiếp cận thực tế một phần hành kế toán chuyên sâu. Đây là học phần bắt buộc nhằm chuẩn bị cho sinh viên những kỹ năng cần thiết trong môi trường làm việc thực tế.",1,3,4,1,1,"Câu trả lời của agent đã đạt được mục tiêu chính là giải thích mục tiêu của 'Thực tập tốt nghiệp Chuyên ngành Kế toán DNCN'. Tuy nhiên, thông tin không hoàn toàn chính xác so với đáp án mong đợi. Đáp án mong đợi nhấn mạnh vào việc trải nghiệm thực tế, so sánh lý thuyết và thực tiễn, và kiến nghị giải pháp, trong khi câu trả lời của agent tập trung vào việc rèn luyện kỹ năng làm việc, nghiên cứu độc lập, lập báo cáo và thuyết trình. Câu trả lời của agent có cấu trúc tốt và logic. Agent đã sử dụng đúng công cụ RAG để tìm kiếm thông tin nội bộ và không có thông tin bịa đặt trong câu trả lời."
65,RAG_ONLY,Easy,Sinh viên có thể chọn học phần nào thay thế cho Khóa luận tốt nghiệp?,3.04,2,1163,141,198.25,"Theo tài liệu từ ngành Kinh tế công nghiệp, sinh viên có thể chọn học phần ""Định hướng nghề nghiệp ngành Quản lý công nghiệp"" như một học phần tự chọn. Tuy nhiên, tài liệu không đề cập rõ ràng rằng học phần này có thể thay thế cho Khóa luận tốt nghiệp. Để biết chính xác các học phần thay thế cho Khóa luận tốt nghiệp, bạn nên tham khảo thêm từ quy định của trường hoặc khoa mà bạn đang theo học.",0,1,3,1,1,"Agent không trả lời đúng câu hỏi cốt lõi về các học phần thay thế cho Khóa luận tốt nghiệp. Thông tin cung cấp không chính xác so với đáp án mong đợi, vì không đề cập đến 'Kế toán môi trường' và 'Kế toán ngân hàng thương mại'. Câu trả lời có cấu trúc hợp lý nhưng không liên quan đến câu hỏi. Agent đã sử dụng đúng công cụ RAG để tìm kiếm thông tin nội bộ. Không có thông tin bịa đặt trong câu trả lời của agent."
66,RAG_ONLY,Easy,Số tín chỉ của khóa luận tốt nghiệp (hoặc các học phần thay thế) là bao nhiêu?,2.57,2,1132,59,163.62,Số tín chỉ của khóa luận tốt nghiệp hoặc các học phần thay thế là 9 tín chỉ.,1,2,3,1,0,"Agent đã trả lời câu hỏi chính về số tín chỉ của khóa luận tốt nghiệp, nhưng câu trả lời không chính xác so với thông tin mong đợi. Thông tin mong đợi là 6 tín chỉ, trong khi Agent trả lời là 9 tín chỉ. Điều này cho thấy độ chính xác của câu trả lời chỉ ở mức 2. Câu trả lời có cấu trúc hợp lý nhưng không hoàn toàn chính xác, do đó điểm cho tính mạch lạc là 3. Agent đã sử dụng công cụ RAG để tìm kiếm thông tin nội bộ, điều này là phù hợp, nên điểm cho việc chọn công cụ là 1. Tuy nhiên, do thông tin được cung cấp không khớp với sự thật, điều này cho thấy có sự nhầm lẫn hoặc thông tin sai lệch, dẫn đến điểm cho việc không có ảo giác là 0."
67,RAG_ONLY,Medium,So sánh thời gian đào tạo giữa người có bằng Trung cấp ngành gần và Trung cấp ngành xa.,7.1,4,900,176,178.5,"Tôi không tìm thấy thông tin cụ thể về thời gian đào tạo cho người có bằng Trung cấp ngành gần và Trung cấp ngành xa trong tài liệu nội bộ hoặc từ các nguồn trực tuyến. Tuy nhiên, thông thường, thời gian đào tạo có thể khác nhau tùy thuộc vào chương trình cụ thể của từng trường hoặc tổ chức giáo dục. Để có thông tin chính xác, bạn nên liên hệ trực tiếp với cơ sở giáo dục mà bạn quan tâm.",0,1,3,1,1,Agent không trả lời được câu hỏi chính về thời gian đào tạo của Trung cấp ngành gần và ngành xa. Thông tin cung cấp không chính xác so với đáp án mong đợi. Câu trả lời có cấu trúc hợp lý nhưng không cung cấp thông tin cần thiết. Agent đã sử dụng đúng công cụ để tìm kiếm thông tin nhưng không tìm thấy kết quả phù hợp. Không có thông tin bịa đặt trong câu trả lời của agent.
68,RAG_ONLY,Medium,Có bao nhiêu học phần bổ sung bắt buộc trong tất cả các chương trình đào tạo?,7.76,4,987,206,200.63,"Tôi không tìm thấy thông tin cụ thể về số lượng học phần bổ sung bắt buộc trong tất cả các chương trình đào tạo từ các tài liệu nội bộ hoặc từ tìm kiếm trên web. Tuy nhiên, thông thường, các chương trình đào tạo đại học được cấu trúc từ các học phần bắt buộc và tự chọn, và các học phần bắt buộc thường chiếm phần lớn chương trình học, khoảng 80-90%.

Nếu bạn cần thông tin chi tiết hơn, có thể cần tham khảo trực tiếp từ các quy định của Bộ Giáo dục và Đào tạo hoặc từ các tài liệu cụ thể của từng trường đại học.",0,1,3,1,1,"Agent không trả lời được câu hỏi chính về số lượng học phần bổ sung bắt buộc. Thay vào đó, agent đưa ra thông tin chung về cấu trúc chương trình đào tạo mà không liên quan trực tiếp đến câu hỏi. Mặc dù câu trả lời có cấu trúc hợp lý và không có thông tin bịa đặt, nhưng độ chính xác rất thấp vì không cung cấp thông tin cụ thể như mong đợi. Agent đã sử dụng đúng công cụ tìm kiếm, nhưng không tìm thấy thông tin cần thiết."
69,RAG_ONLY,Medium,"Trong chương trình cho người tốt nghiệp THPT, học phần 'Khóa luận tốt nghiệp' được thực hiện ở học kỳ nào?",2.79,2,735,101,129.75,Tôi không tìm thấy thông tin cụ thể về học kỳ thực hiện 'Khóa luận tốt nghiệp' trong chương trình cho người tốt nghiệp THPT từ tài liệu hiện có. Bạn có thể cung cấp thêm chi tiết hoặc kiểm tra lại tài liệu liên quan để có thông tin chính xác hơn.,0,1,4,1,1,"Agent không trả lời được câu hỏi chính về học kỳ thực hiện 'Khóa luận tốt nghiệp'. Thông tin không chính xác so với đáp án mong đợi là 'Học kỳ 12'. Tuy nhiên, câu trả lời của agent có cấu trúc logic và mạch lạc, thể hiện rõ ràng rằng không tìm thấy thông tin trong tài liệu hiện có. Agent đã sử dụng đúng công cụ RAG để tìm kiếm thông tin nội bộ và không có thông tin bịa đặt trong câu trả lời."
70,RAG_ONLY,Easy,Tổng số tín chỉ Khối kiến thức giáo dục chuyên nghiệp cho người tốt nghiệp THPT là bao nhiêu?,2.45,2,814,68,127.25,Tổng số tín chỉ Khối kiến thức giáo dục chuyên nghiệp cho người tốt nghiệp THPT là 123 tín chỉ.,1,1,4,1,1,"Agent đã trả lời câu hỏi chính về tổng số tín chỉ Khối kiến thức giáo dục chuyên nghiệp cho người tốt nghiệp THPT. Tuy nhiên, thông tin mà Agent cung cấp không chính xác so với đáp án mong đợi (92 tín chỉ) và thay vào đó là 123 tín chỉ. Mặc dù vậy, thông tin này không phải là bịa đặt mà được trích xuất từ tài liệu nguồn, do đó không có hiện tượng ảo giác. Câu trả lời của Agent có cấu trúc rõ ràng và dễ hiểu. Agent đã sử dụng công cụ RAG để tìm kiếm thông tin nội bộ, điều này là phù hợp với yêu cầu của câu hỏi."
71,RAG_ONLY,Medium,Học phần 'Tư tưởng Hồ Chí Minh' thuộc khối kiến thức nào và có mấy tín chỉ?,4.27,2,937,135,167.75,"Học phần ""Tư tưởng Hồ Chí Minh"" là học phần bắt buộc trong chương trình đào tạo cho sinh viên đại học, cao đẳng thuộc khối không chuyên ngành Mác - Lênin, tư tưởng Hồ Chí Minh. Tuy nhiên, thông tin về số tín chỉ của học phần này không được đề cập trong tài liệu hiện có. Bạn có thể cần kiểm tra thêm từ nguồn khác hoặc từ chương trình đào tạo cụ thể của trường bạn.",0,2,3,1,1,"Agent không trả lời đúng câu hỏi chính về khối kiến thức và số tín chỉ của học phần 'Tư tưởng Hồ Chí Minh'. Thông tin về khối kiến thức không được đề cập, và số tín chỉ cũng không được xác định. Mặc dù câu trả lời có cấu trúc hợp lý và không có thông tin bịa đặt, nhưng độ chính xác chỉ đạt mức trung bình do thiếu thông tin cần thiết. Agent đã sử dụng công cụ RAG để tìm kiếm thông tin nội bộ, điều này là phù hợp với yêu cầu. Tuy nhiên, kết quả tìm kiếm không cung cấp thông tin đầy đủ để trả lời câu hỏi."
72,RAG_ONLY,Easy,Học phần 'Tiếng Anh 2' có điều kiện tiên quyết là gì?,6.14,4,1310,157,222.62,"Tôi không tìm thấy thông tin cụ thể về điều kiện tiên quyết của học phần ""Tiếng Anh 2"" trong tài liệu nội bộ hoặc từ các nguồn tìm kiếm trên web. Có thể thông tin này nằm trong một tài liệu khác hoặc cần được xác nhận từ nguồn chính thức của trường học hoặc tổ chức giáo dục liên quan. Bạn có thể liên hệ trực tiếp với phòng đào tạo của trường để biết thêm chi tiết.",0,1,4,1,1,"Agent không trả lời được câu hỏi chính về điều kiện tiên quyết của học phần 'Tiếng Anh 2'. Thông tin được cung cấp không chính xác so với đáp án mong đợi. Tuy nhiên, câu trả lời của agent có cấu trúc rõ ràng và logic, khuyến nghị người dùng tìm kiếm thông tin từ nguồn chính thức. Agent đã sử dụng đúng công cụ tìm kiếm, nhưng không tìm thấy thông tin cần thiết. Không có thông tin bịa đặt trong câu trả lời của agent."
73,RAG_ONLY,Easy,"Đối với chương trình dành cho người tốt nghiệp ĐH ngành gần, học phần 'Marketing căn bản' học ở kỳ mấy?",3.93,2,1242,116,198.75,"Tài liệu không cung cấp thông tin cụ thể về kỳ học của học phần ""Marketing căn bản"" trong chương trình dành cho người tốt nghiệp ĐH ngành gần. Bạn có thể cần tham khảo thêm từ nguồn khác hoặc liên hệ với bộ phận đào tạo của trường để biết chi tiết về lịch trình học tập.",0,1,4,1,1,"Agent không trả lời được câu hỏi chính về học kỳ của học phần 'Marketing căn bản'. Thông tin cung cấp không chính xác so với đáp án mong đợi là 'Học kỳ 1'. Tuy nhiên, câu trả lời của agent có cấu trúc logic và mạch lạc. Agent đã sử dụng đúng công cụ RAG để tìm kiếm thông tin nội bộ. Không có thông tin bịa đặt trong câu trả lời của agent."
74,RAG_ONLY,Medium,"Trong chương trình cho người có bằng ĐH ngành xa, tổng số tín chỉ khối kiến thức nhóm ngành/cơ sở ngành là bao nhiêu?",5.12,4,897,196,185.62,"Tôi không tìm thấy thông tin cụ thể về tổng số tín chỉ khối kiến thức nhóm ngành/cơ sở ngành cho người có bằng đại học ngành xa trong tài liệu nội bộ. Tuy nhiên, theo một số nguồn thông tin bên ngoài, chương trình đào tạo thường có tổng cộng khoảng 140 tín chỉ, trong đó có khoảng 53 tín chỉ dành cho khối kiến thức theo nhóm ngành. Tuy nhiên, con số này có thể thay đổi tùy theo từng chương trình và trường đại học cụ thể.",0,2,3,1,1,"Agent không trả lời được câu hỏi chính xác về tổng số tín chỉ khối kiến thức nhóm ngành/cơ sở ngành là 48 tín chỉ. Thay vào đó, agent cung cấp thông tin không chính xác từ các nguồn bên ngoài, với con số 53 tín chỉ. Mặc dù câu trả lời có cấu trúc hợp lý và logic, nhưng không đạt được mục tiêu của câu hỏi. Agent đã sử dụng đúng công cụ tìm kiếm thông tin từ tài liệu nội bộ và web, nhưng không tìm thấy thông tin chính xác. Không có thông tin nào bị bịa đặt, chỉ là không chính xác."
75,RAG_ONLY,Easy,Học phần 'Kế toán ngân sách' (TXFIM0302) có số tín chỉ là bao nhiêu?,7.2,4,1338,143,220.87,"Tôi không tìm thấy thông tin cụ thể về số tín chỉ của học phần ""Kế toán ngân sách"" (TXFIM0302) trong các tài liệu nội bộ hoặc từ các nguồn tìm kiếm trên web. Bạn có thể cần kiểm tra lại thông tin từ tài liệu học tập hoặc liên hệ với bộ phận quản lý đào tạo của trường để có thông tin chính xác nhất.",0,1,4,1,1,"Agent không trả lời được câu hỏi chính về số tín chỉ của học phần 'Kế toán ngân sách' (TXFIM0302). Thông tin được cung cấp không chính xác so với đáp án mong đợi là 3 tín chỉ. Tuy nhiên, câu trả lời của agent có cấu trúc logic và mạch lạc, khuyến nghị người dùng kiểm tra thêm thông tin từ nguồn khác. Agent đã sử dụng đúng công cụ tìm kiếm thông tin nội bộ và web, nhưng không tìm thấy thông tin cần thiết. Không có thông tin bịa đặt trong câu trả lời của agent."
76,RAG_ONLY,Easy,Học phần 'Đề án kế toán tài chính' có mã học phần là gì?,2.46,2,1151,83,175.0,"Tôi không tìm thấy mã học phần cụ thể cho ""Đề án Kế toán tài chính"" trong tài liệu hiện có. Bạn có thể kiểm tra lại tài liệu hoặc liên hệ với bộ phận quản lý đào tạo của trường để biết thêm chi tiết.",0,1,4,1,1,"Agent không trả lời được câu hỏi chính về mã học phần 'Đề án kế toán tài chính'. Thông tin cung cấp không chính xác so với đáp án mong đợi là 'TXFIM485'. Tuy nhiên, câu trả lời của agent có cấu trúc logic và mạch lạc. Agent đã sử dụng đúng công cụ RAG để tìm kiếm thông tin nội bộ, và không có thông tin bịa đặt trong câu trả lời."
77,RAG_ONLY,Easy,Điều kiện tốt nghiệp của chương trình là gì?,3.06,2,704,104,127.0,"Tôi không tìm thấy thông tin cụ thể về điều kiện tốt nghiệp của chương trình trong tài liệu hiện có. Bạn có thể cung cấp thêm chi tiết về chương trình cụ thể mà bạn đang quan tâm, hoặc nếu có tài liệu khác liên quan, bạn có thể tải lên để tôi có thể tìm kiếm thông tin chính xác hơn.",0,1,3,1,1,"Agent không trả lời được câu hỏi cốt lõi về điều kiện tốt nghiệp của chương trình. Thay vào đó, agent yêu cầu thêm thông tin hoặc tài liệu khác để tìm kiếm thông tin chính xác hơn. Điều này cho thấy agent không đạt được mục tiêu của câu hỏi. Về độ chính xác, câu trả lời không khớp với thông tin mong đợi, do đó điểm độ chính xác là 1. Câu trả lời có cấu trúc hợp lý và logic, nhưng không cung cấp thông tin cần thiết, do đó điểm độ mạch lạc là 3. Agent đã sử dụng công cụ RAG để tìm kiếm thông tin nội bộ, điều này là phù hợp, do đó điểm lựa chọn công cụ là 1. Không có thông tin bịa đặt trong câu trả lời, do đó điểm không có ảo giác là 1."
78,RAG_ONLY,Easy,Hình thức đánh giá phổ biến cho các học phần lý thuyết là gì?,11.42,4,1879,445,401.75,"Hình thức đánh giá phổ biến cho các học phần lý thuyết thường bao gồm:

1. **Kiểm tra trắc nghiệm**: Đây là phương pháp phổ biến nhất, trong đó điểm số được tính dựa trên số câu trả lời đúng. Lý thuyết trắc nghiệm cổ điển và lý thuyết ứng đáp câu hỏi là hai phương pháp thường được sử dụng.

2. **Đánh giá quá trình**: Phương pháp này được thiết kế để phản hồi cho học sinh về tiến bộ của họ trong việc hình thành kiến thức, kỹ năng và thái độ. Nó thường bao gồm việc quan sát và sử dụng các công cụ như phiếu quan sát, thang đo, và phiếu đánh giá theo tiêu chí.

3. **Đánh giá tổng kết**: Thường được sử dụng khi kết thúc một chủ đề học tập hoặc cuối một học kỳ, một năm, một cấp học. Hình thức này thường sử dụng cho điểm và giúp người học biết được khả năng học tập của mình.

4. **Đánh giá theo tiêu chí**: Người học được đánh giá dựa trên các tiêu chí đã định rõ về thành tích, thay vì được xếp hạng trên cơ sở kết quả thu được.

5. **Tự suy ngẫm và tự đánh giá**: Học sinh tự đưa ra các quyết định đánh giá về công việc và sự tiến bộ của bản thân, giúp thúc đẩy học tập suốt đời.

6. **Đánh giá đồng đẳng**: Học sinh tham gia vào việc đánh giá sản phẩm công việc của các bạn học.

7. **Đánh giá qua thực tiễn**: Đưa ra cho học sinh những thách thức thực tế và thường được đánh giá thông qua năng lực thực hiện các nhiệm vụ trong thực tiễn.

Những phương pháp này giúp đánh giá toàn diện các kỹ năng và kiến thức của học sinh, từ đó cải thiện việc học tập và giảng dạy.",1,3,4,1,1,"Agent đã trả lời câu hỏi chính về hình thức đánh giá phổ biến cho các học phần lý thuyết, nhưng câu trả lời quá chi tiết và bao gồm nhiều hình thức đánh giá khác nhau, không chỉ tập trung vào 'trắc nghiệm' như trong đáp án mong đợi. Mặc dù thông tin được cung cấp là chính xác và có cấu trúc tốt, nhưng không hoàn toàn phù hợp với đáp án mong đợi. Agent đã sử dụng đúng công cụ để tìm kiếm thông tin và không có dấu hiệu của thông tin bịa đặt."
79,RAG_ONLY,Easy,Hình thức đánh giá cho các học phần đồ án/đề án/khóa luận là gì?,3.68,2,931,138,168.12,"Hình thức đánh giá cho các học phần đồ án/đề án/khóa luận, thực tập,... không được nêu rõ trong tài liệu mà tôi có. Tuy nhiên, tài liệu có đề cập rằng hầu hết các học phần có hình thức đánh giá trắc nghiệm. Để biết chi tiết hơn về hình thức đánh giá cụ thể cho các học phần đồ án/đề án/khóa luận, bạn có thể cần tham khảo thêm từ các quy định hoặc hướng dẫn cụ thể của trường hoặc khoa liên quan.",0,2,3,1,1,"Agent không trả lời đúng câu hỏi cốt lõi về hình thức đánh giá cho các học phần đồ án/đề án/khóa luận. Thay vào đó, agent đưa ra thông tin không liên quan về hình thức đánh giá trắc nghiệm cho hầu hết các học phần khác. Mặc dù câu trả lời có cấu trúc hợp lý, nhưng không chính xác so với thông tin mong đợi. Agent đã sử dụng đúng công cụ RAG để tìm kiếm thông tin nội bộ và không có thông tin bịa đặt trong câu trả lời."
80,RAG_ONLY,Easy,"Trong thang trình độ năng lực, mức độ 6 của 'Kiến thức' tương ứng với gì?",7.1,4,1442,205,257.12,"Trong thang trình độ năng lực của Bloom, mức độ 6 của 'Kiến thức' tương ứng với ""Evaluation"" (Đánh giá). Đây là cấp độ cao nhất trong thang đo ban đầu của Bloom, nơi người học có khả năng đưa ra các phán đoán về giá trị của các ý tưởng hoặc vật thể dựa trên các tiêu chí và tiêu chuẩn nhất định. Năm 2001, thang đo này được chỉnh sửa và mức độ cao nhất được đổi thành ""Sáng tạo"" (Creating), nhưng ""Đánh giá"" vẫn là một trong những cấp độ quan trọng trong quá trình phát triển tư duy từ đơn giản đến phức tạp.",0,2,4,1,1,"Agent không trả lời đúng câu hỏi cốt lõi vì câu trả lời của nó không khớp với đáp án mong đợi 'Sáng tạo'. Thay vào đó, agent đã đưa ra thông tin về thang đo Bloom cũ, trong đó mức độ 6 là 'Đánh giá'. Tuy nhiên, agent cũng đã đề cập đến việc thang đo này đã được chỉnh sửa vào năm 2001, và mức độ cao nhất đã được đổi thành 'Sáng tạo'. Do đó, thông tin không hoàn toàn sai nhưng không chính xác với câu hỏi cụ thể. Câu trả lời có cấu trúc tốt và logic, và agent đã sử dụng công cụ tìm kiếm web để xác minh thông tin, điều này là phù hợp. Không có thông tin nào bị bịa đặt."
81,RAG_ONLY,Easy,"Về kỹ năng, mức độ 1 trong thang năng lực là gì?",9.46,4,889,158,170.38,"Mức độ 1 trong thang năng lực thường được hiểu là mức cơ bản nhất, nơi cá nhân chỉ có khả năng thực hiện các nhiệm vụ đơn giản và cần sự hướng dẫn hoặc giám sát. Trong bối cảnh đánh giá năng lực ngoại ngữ theo chuẩn CEFR, mức độ 1 tương ứng với trình độ A1, nơi người học có thể hiểu và sử dụng các cụm từ quen thuộc hàng ngày và các câu cơ bản nhằm đáp ứng nhu cầu cụ thể.",0,2,3,1,1,"Agent không trả lời đúng câu hỏi cốt lõi về mức độ 1 trong thang năng lực là 'Bắt chước'. Thay vào đó, agent đã đưa ra một câu trả lời chung chung về mức độ cơ bản trong thang năng lực và liên hệ với chuẩn CEFR, điều này không liên quan trực tiếp đến câu hỏi. Mặc dù thông tin về CEFR có thể chính xác trong ngữ cảnh khác, nhưng không phù hợp với câu hỏi cụ thể này. Câu trả lời có cấu trúc hợp lý nhưng không đúng trọng tâm. Agent đã sử dụng đúng công cụ tìm kiếm web để tìm thông tin bên ngoài, và không có thông tin nào bị bịa đặt."
82,RAG_ONLY,Medium,Học phần 'Kế toán môi trường' cung cấp kiến thức gì?,3.95,2,1012,220,209.0,"Học phần ""Kế toán môi trường"" cung cấp kiến thức về các nội dung sau:

1. **Kế toán môi trường doanh nghiệp**: Tập trung vào việc quản lý và báo cáo các hoạt động liên quan đến môi trường trong bối cảnh doanh nghiệp.

2. **Kế toán môi trường quốc gia**: Bao gồm các phương pháp và thực hành kế toán liên quan đến môi trường ở cấp độ quốc gia.

3. **Phương pháp kế toán quản trị chi phí môi trường**: Giới thiệu một số phương pháp để quản lý và kiểm soát chi phí liên quan đến môi trường.

Học phần này giúp sinh viên nắm vững nội dung về kế toán môi trường, còn được gọi là kế toán xanh, và là một phần thay thế cho Khóa luận tốt nghiệp Chuyên ngành Kế toán DNCN dành cho sinh viên chuyên ngành kế toán doanh nghiệp công nghiệp.",1,5,5,1,1,"Câu trả lời của agent đã đạt được mục tiêu khi trả lời đúng câu hỏi về nội dung học phần 'Kế toán môi trường'. Thông tin được cung cấp rất chính xác so với đáp án mong đợi, bao gồm các khía cạnh kế toán môi trường doanh nghiệp, quốc gia và quản trị chi phí môi trường. Cấu trúc câu trả lời rõ ràng, logic và dễ hiểu. Agent đã sử dụng công cụ RAG để tìm kiếm thông tin nội bộ, điều này là phù hợp với ngữ cảnh. Không có thông tin nào bị bịa đặt, tất cả đều dựa trên nguồn tài liệu có sẵn."
83,RAG_ONLY,Easy,Học phần 'Tài chính doanh nghiệp' có mã học phần là gì?,2.67,2,1015,81,157.25,"Tôi không tìm thấy mã học phần cụ thể cho ""Tài chính doanh nghiệp"" trong tài liệu hiện có. Bạn có thể kiểm tra lại tài liệu hoặc liên hệ với phòng đào tạo của trường để biết thông tin chi tiết.",0,1,4,1,1,"Agent không đạt được mục tiêu vì không trả lời được câu hỏi chính về mã học phần 'Tài chính doanh nghiệp'. Độ chính xác thấp vì câu trả lời không khớp với thông tin mong đợi là 'TXFIM334'. Tuy nhiên, câu trả lời có cấu trúc hợp lý và logic, do đó điểm độ mạch lạc cao. Agent đã sử dụng đúng công cụ RAG để tìm kiếm thông tin nội bộ. Không có thông tin bịa đặt trong câu trả lời của agent, vì vậy điểm không ảo giác là 1."
84,RAG_ONLY,Hard,Sự khác biệt về số tín chỉ 'Kiến thức nhóm ngành' giữa chương trình cho người có bằng ĐH ngành gần và ĐH ngành xa?,5.43,4,1228,228,239.0,"Tôi không tìm thấy thông tin cụ thể về sự khác biệt về số tín chỉ 'Kiến thức nhóm ngành' giữa chương trình cho người có bằng đại học ngành gần và ngành xa trong tài liệu nội bộ hoặc từ các nguồn tìm kiếm trên web. Có thể thông tin này nằm trong một tài liệu cụ thể khác hoặc cần được xác nhận từ nguồn chính thức của trường đại học hoặc chương trình đào tạo cụ thể. 

Nếu bạn có tài liệu cụ thể hoặc cần thêm thông tin, vui lòng cung cấp thêm chi tiết để tôi có thể hỗ trợ tốt hơn.",0,1,4,1,1,"Agent không trả lời được câu hỏi chính về sự khác biệt số tín chỉ giữa chương trình cho người có bằng ĐH ngành gần và ngành xa. Thông tin mà agent cung cấp không chính xác so với đáp án mong đợi. Tuy nhiên, câu trả lời của agent có cấu trúc logic và mạch lạc. Agent đã sử dụng đúng công cụ tìm kiếm thông tin từ tài liệu nội bộ và web. Không có thông tin bịa đặt trong câu trả lời của agent."
85,RAG_ONLY,Hard,Chương trình dành cho đối tượng nào có thời gian đào tạo ngắn nhất?,2.82,2,844,74,133.25,Chương trình đào tạo dành cho người đã có bằng tốt nghiệp Cao đẳng ngành đúng/ngành phù hợp có thời gian đào tạo ngắn nhất là 2 năm.,1,3,4,1,1,"Agent đã trả lời câu hỏi chính về đối tượng có thời gian đào tạo ngắn nhất. Tuy nhiên, câu trả lời của Agent chỉ đề cập đến một trong ba đối tượng được nêu trong Ground Truth, đó là người có bằng tốt nghiệp Cao đẳng ngành đúng/ngành phù hợp với thời gian đào tạo 2 năm. Ground Truth còn bao gồm cả người có bằng tốt nghiệp Đại học ngành gần và Trung cấp ngành đúng/phù hợp, cũng có thời gian đào tạo 2 năm. Do đó, độ chính xác chỉ đạt mức trung bình. Câu trả lời của Agent có cấu trúc rõ ràng và logic. Agent đã sử dụng công cụ RAG để tìm kiếm thông tin nội bộ, điều này là phù hợp. Không có thông tin nào bị bịa đặt trong câu trả lời của Agent."
86,RAG_ONLY,Easy,Học phần 'Định hướng nghề nghiệp ngành Quản lý công nghiệp' có mã là gì?,3.26,2,1164,94,180.75,"Tôi không tìm thấy mã học phần cho ""Định hướng nghề nghiệp ngành Quản lý công nghiệp"" trong tài liệu hiện có. Bạn có thể kiểm tra lại tài liệu hoặc liên hệ với bộ phận quản lý đào tạo của trường để biết thêm chi tiết.",0,1,4,1,1,"Agent không đạt được mục tiêu vì không trả lời được mã học phần như yêu cầu. Độ chính xác thấp vì câu trả lời không khớp với thông tin đúng là TXFIM0102. Tuy nhiên, câu trả lời của agent có cấu trúc hợp lý và logic, hướng dẫn người dùng cách tìm kiếm thông tin thêm. Agent đã sử dụng đúng công cụ RAG để tìm kiếm thông tin nội bộ, và không có thông tin bịa đặt trong câu trả lời."
87,RAG_ONLY,Easy,"Đối với người tốt nghiệp THPT, 'Ngoại ngữ' chiếm bao nhiêu tín chỉ trong khối kiến thức giáo dục đại cương?",6.11,4,901,137,164.0,"Tôi không tìm thấy thông tin cụ thể về số tín chỉ của môn ""Ngoại ngữ"" trong khối kiến thức giáo dục đại cương từ các nguồn hiện có. Bạn có thể cần tham khảo trực tiếp từ tài liệu của trường hoặc chương trình đào tạo cụ thể để có thông tin chính xác.",0,1,4,1,1,"Agent không trả lời được câu hỏi chính về số tín chỉ của môn 'Ngoại ngữ'. Mặc dù câu trả lời của agent không chính xác so với thông tin mong đợi (9 tín chỉ), nhưng agent đã không đưa ra thông tin sai lệch hoặc bịa đặt. Câu trả lời của agent có cấu trúc hợp lý và logic, nhưng không đạt được mục tiêu của câu hỏi. Agent đã sử dụng đúng công cụ tìm kiếm thông tin từ nguồn nội bộ và web, nhưng không tìm thấy thông tin cần thiết."
88,RAG_ONLY,Easy,Học phần 'Marketing căn bản' có mã học phần là gì?,2.84,2,1229,84,185.12,"Tài liệu hiện tại không cung cấp mã học phần cụ thể cho ""Marketing căn bản"". Bạn có thể cần kiểm tra thêm trong các tài liệu khác hoặc liên hệ với bộ phận quản lý đào tạo của trường để biết thông tin chi tiết.",0,1,4,1,1,"Agent không đạt được mục tiêu vì không trả lời được mã học phần 'Marketing căn bản'. Độ chính xác thấp vì câu trả lời không khớp với thông tin thực tế là 'TXFIM331'. Tuy nhiên, câu trả lời có cấu trúc logic và mạch lạc. Agent đã sử dụng đúng công cụ RAG để tìm kiếm thông tin nội bộ. Không có thông tin bịa đặt trong câu trả lời của agent."
89,RAG_ONLY,Medium,Tổng số học kỳ của chương trình dành cho người tốt nghiệp Trung cấp ngành xa là bao nhiêu?,2.16,2,731,101,129.25,Tôi không tìm thấy thông tin cụ thể về tổng số học kỳ của chương trình dành cho người tốt nghiệp Trung cấp ngành xa trong tài liệu hiện có. Bạn có thể cung cấp thêm chi tiết hoặc kiểm tra lại tài liệu để tìm thông tin chính xác hơn.,0,1,4,1,1,"Agent không trả lời được câu hỏi chính về tổng số học kỳ, do đó không đạt được mục tiêu. Thông tin không chính xác so với đáp án mong đợi là 8 học kỳ, nên điểm độ chính xác là 1. Câu trả lời của agent có cấu trúc rõ ràng và logic, nên điểm độ mạch lạc là 4. Agent đã sử dụng công cụ RAG để tìm kiếm thông tin nội bộ, điều này là phù hợp, nên điểm lựa chọn công cụ là 1. Không có thông tin bịa đặt trong câu trả lời của agent, nên điểm không ảo giác là 1."
90,RAG_ONLY,Easy,Chương trình đào tạo này do trường nào ban hành?,3.14,2,662,86,115.0,Tôi không tìm thấy thông tin cụ thể về trường nào ban hành chương trình đào tạo này trong tài liệu hiện có. Bạn có thể cung cấp thêm chi tiết hoặc kiểm tra lại tài liệu để xác định trường ban hành.,0,1,4,1,1,"Agent không đạt được mục tiêu vì không trả lời được câu hỏi chính về trường nào ban hành chương trình đào tạo. Độ chính xác thấp vì câu trả lời không khớp với thông tin thực tế được mong đợi. Tuy nhiên, câu trả lời có cấu trúc hợp lý và logic, thể hiện qua việc yêu cầu thêm thông tin hoặc kiểm tra lại tài liệu. Agent đã sử dụng đúng công cụ RAG để tìm kiếm thông tin nội bộ. Không có thông tin bịa đặt trong câu trả lời của agent."
91,RAG_ONLY,Easy,Ngày ban hành Quyết định kèm theo chương trình giáo dục này là ngày nào?,5.7,4,878,208,187.75,"Tôi không tìm thấy thông tin cụ thể về ngày ban hành Quyết định kèm theo chương trình giáo dục trong tài liệu nội bộ. Tuy nhiên, theo thông tin từ tìm kiếm trên web, có một số ngày ban hành Quyết định liên quan đến chương trình giáo dục trong năm 2025, chẳng hạn như:

- Ngày 11/8/2025, Bộ Giáo dục và Đào tạo ban hành Quyết định 2269/QĐ-BGDĐT.
- Ngày 26/12/2025, Bộ Giáo dục và Đào tạo ban hành Quyết định số 3588/QĐ-BGDĐT.

Nếu bạn cần thông tin cụ thể hơn, vui lòng cung cấp thêm chi tiết về Quyết định mà bạn đang quan tâm.",0,1,3,1,1,"Agent không trả lời đúng câu hỏi cốt lõi về ngày ban hành Quyết định kèm theo chương trình giáo dục. Thay vào đó, agent cung cấp thông tin không liên quan từ năm 2025, trong khi ngày mong đợi là 05 tháng 6 năm 2024. Mặc dù câu trả lời có cấu trúc hợp lý và không có thông tin bịa đặt, nhưng độ chính xác rất thấp vì không có thông tin nào khớp với ground truth. Agent đã sử dụng đúng công cụ tìm kiếm web cho thông tin bên ngoài, nhưng không tìm thấy thông tin chính xác."
92,RAG_ONLY,Easy,Học phần 'Kỹ năng phối hợp giữa các cá nhân' thuộc nhóm chuẩn đầu ra nào?,3.06,2,1224,166,215.25,"Học phần 'Kỹ năng phối hợp giữa các cá nhân' giúp sinh viên phát triển các kỹ năng như: hiểu và phát huy điểm mạnh của bản thân, tự tin vào khả năng và giá trị của mình, giao tiếp tốt, tạo lập và duy trì các mối quan hệ tích cực, giao tiếp và ứng xử trong môi trường làm việc, phân tích và giải quyết vấn đề, quản lý thời gian hiệu quả, và hiểu quy luật hoạt động của nhóm. Tuy nhiên, thông tin cụ thể về nhóm chuẩn đầu ra mà học phần này thuộc về không được nêu rõ trong tài liệu hiện có.",0,2,4,1,1,"Agent không trả lời được câu hỏi cốt lõi về nhóm chuẩn đầu ra của học phần 'Kỹ năng phối hợp giữa các cá nhân'. Thông tin cung cấp không chính xác so với đáp án mong đợi là 'Nhóm 3 (CDR 3)'. Tuy nhiên, câu trả lời của agent có cấu trúc logic và mạch lạc. Agent đã sử dụng đúng công cụ RAG để tìm kiếm thông tin nội bộ. Không có thông tin nào bị bịa đặt trong câu trả lời của agent."
93,RAG_ONLY,Medium,Có bao nhiêu học phần tự chọn trong 'Khối kiến thức bổ sung'?,2.59,2,1141,105,182.0,"Trong 'Khối kiến thức bổ sung', có 3 học phần tự chọn, và bạn cần chọn 2 trong số 3 học phần này. Các học phần bao gồm:

1. Lịch sử các học thuyết kinh tế
2. Định hướng nghề nghiệp ngành Quản lý Công nghiệp (QLCN)
3. Định hướng nghề nghiệp ngành Kinh tế Công nghiệp (KTCN)",0,1,3,1,0,"Agent không trả lời đúng câu hỏi cốt lõi. Câu trả lời của agent cho rằng có 3 học phần tự chọn, trong khi đáp án đúng là không có học phần tự chọn nào, chỉ có 2 học phần bắt buộc. Do đó, độ chính xác của thông tin là rất thấp. Câu trả lời có cấu trúc và logic, nhưng thông tin không chính xác. Agent đã sử dụng đúng công cụ RAG để tìm kiếm thông tin nội bộ, nhưng thông tin được cung cấp là không chính xác và có sự tưởng tượng, vì vậy điểm cho việc không có thông tin tưởng tượng là 0."
94,RAG_ONLY,Medium,"Với người tốt nghiệp Cao đẳng ngành xa, học phần 'Toán kinh tế' được học ở kỳ nào?",3.49,2,706,102,126.5,"Tôi không tìm thấy thông tin cụ thể về học phần ""Toán kinh tế"" được học ở kỳ nào cho người tốt nghiệp Cao đẳng ngành xa trong tài liệu hiện có. Bạn có thể cần kiểm tra lại với chương trình đào tạo cụ thể của trường hoặc khoa mà bạn quan tâm.",0,1,4,1,1,"Agent không trả lời được câu hỏi cốt lõi về học kỳ mà học phần 'Toán kinh tế' được học. Thông tin không chính xác so với đáp án mong đợi là 'Học kỳ 1'. Tuy nhiên, câu trả lời của agent có cấu trúc hợp lý và logic, giải thích rõ ràng lý do không thể tìm thấy thông tin. Agent đã sử dụng đúng công cụ RAG để tìm kiếm thông tin nội bộ và không có thông tin bịa đặt trong câu trả lời."
95,RAG_ONLY,Easy,Học phần 'Đề án thuế' (TXFIM539) có khối lượng bao nhiêu tín chỉ?,5.33,4,1412,146,231.25,"Tôi không tìm thấy thông tin cụ thể về khối lượng tín chỉ của học phần ""Đề án thuế"" (TXFIM539) trong các tài liệu nội bộ hoặc từ các nguồn tìm kiếm trên web. Bạn có thể cần liên hệ với bộ phận quản lý đào tạo của trường hoặc kiểm tra trong tài liệu hướng dẫn học tập của chương trình để có thông tin chính xác.",0,1,4,1,1,"Agent không trả lời được câu hỏi chính về khối lượng tín chỉ của học phần 'Đề án thuế' (TXFIM539). Thông tin mà agent cung cấp không chính xác so với đáp án mong đợi là 1 tín chỉ. Tuy nhiên, câu trả lời của agent có cấu trúc logic và mạch lạc, khuyến nghị người dùng tìm kiếm thông tin từ các nguồn khác. Agent đã sử dụng đúng công cụ tìm kiếm thông tin từ tài liệu nội bộ và web, nhưng không tìm thấy thông tin cần thiết. Không có thông tin nào bị bịa đặt trong câu trả lời của agent."
96,RAG_ONLY,Easy,Môn 'Pháp luật đại cương' có mã số là gì?,2.56,2,1143,45,159.75,"Môn ""Pháp luật đại cương"" có mã số là TXFIM207.",1,5,5,1,1,"Agent đã trả lời đúng câu hỏi cốt lõi bằng cách cung cấp mã số của môn 'Pháp luật đại cương' là TXFIM207, khớp với thông tin mong đợi. Câu trả lời của agent rất chính xác và không có thông tin sai lệch. Cấu trúc câu trả lời rõ ràng và dễ hiểu. Agent đã sử dụng công cụ RAG để tìm kiếm thông tin nội bộ, điều này là phù hợp với yêu cầu. Không có dấu hiệu của thông tin bịa đặt trong câu trả lời của agent."
97,RAG_ONLY,Medium,Học phần 'Kiểm toán tài chính' (TXFIM354) thuộc nhóm kiến thức nào?,5.87,4,1840,201,305.38,"Tôi không tìm thấy thông tin cụ thể về học phần ""Kiểm toán tài chính"" (TXFIM354) thuộc nhóm kiến thức nào trong tài liệu nội bộ. Tuy nhiên, thông thường, các học phần liên quan đến kiểm toán tài chính thường thuộc nhóm kiến thức chuyên ngành hoặc cơ sở ngành trong các chương trình đào tạo về tài chính, kế toán hoặc quản trị kinh doanh. Để có thông tin chính xác nhất, bạn có thể cần tham khảo trực tiếp từ chương trình đào tạo của trường hoặc đơn vị giáo dục cung cấp học phần này.",0,2,4,1,1,"Agent không trả lời được câu hỏi chính xác về nhóm kiến thức của học phần 'Kiểm toán tài chính' (TXFIM354). Mặc dù agent đã đưa ra một số thông tin chung về kiểm toán tài chính, nhưng không xác định được nhóm kiến thức cụ thể như trong đáp án mong đợi. Về độ chính xác, thông tin không hoàn toàn sai nhưng không đáp ứng được yêu cầu cụ thể của câu hỏi, do đó chỉ đạt điểm 2. Câu trả lời có cấu trúc và logic tốt, nên đạt điểm 4 về tính mạch lạc. Agent đã sử dụng đúng công cụ tìm kiếm thông tin từ tài liệu nội bộ và web, nên đạt điểm 1 cho việc chọn công cụ. Không có thông tin bịa đặt trong câu trả lời, nên đạt điểm 1 cho kiểm tra ảo giác."
98,RAG_ONLY,Easy,Sinh viên tốt nghiệp THPT phải tích lũy bao nhiêu tín chỉ cho khối kiến thức 'Toán học' trong phần giáo dục đại cương?,2.67,2,755,98,131.12,Tôi không tìm thấy thông tin cụ thể về số tín chỉ cần tích lũy cho khối kiến thức 'Toán học' trong phần giáo dục đại cương từ các tài liệu nội bộ hiện có. Bạn có thể cần kiểm tra lại tài liệu hoặc nguồn thông tin khác để có thông tin chính xác.,0,1,4,1,1,"Agent không đạt được mục tiêu vì không trả lời được câu hỏi chính về số tín chỉ cần tích lũy cho khối kiến thức 'Toán học'. Mặc dù câu trả lời của agent không chính xác so với thông tin mong đợi (2 tín chỉ), nhưng agent đã không đưa ra thông tin sai lệch hoặc bịa đặt, mà chỉ thừa nhận không tìm thấy thông tin. Câu trả lời của agent có cấu trúc hợp lý và rõ ràng. Agent đã sử dụng đúng công cụ RAG để tìm kiếm thông tin nội bộ, và không có dấu hiệu của thông tin bịa đặt trong câu trả lời."
99,RAG_ONLY,Easy,Tên tiếng Anh của ngành Kinh tế công nghiệp là gì?,0.66,0,512,18,70.75,"Tên tiếng Anh của ngành ""Kinh tế công nghiệp"" là ""Industrial Economics"".",1,4,5,0,1,"Agent đã trả lời đúng câu hỏi cốt lõi về tên tiếng Anh của ngành 'Kinh tế công nghiệp'. Tuy nhiên, có một sự khác biệt nhỏ giữa câu trả lời của Agent ('Industrial Economics') và đáp án mong đợi ('Industrial Economy'). Mặc dù vậy, cả hai đều có ý nghĩa tương tự và có thể chấp nhận được trong ngữ cảnh này. Câu trả lời của Agent rất mạch lạc và dễ hiểu. Agent không sử dụng công cụ nào, nhưng điều này không ảnh hưởng đến độ chính xác của câu trả lời. Không có thông tin bịa đặt trong câu trả lời của Agent."
100,RAG_ONLY,Medium,"Trong mô tả học phần, 'Kế toán thương mại dịch vụ' bao gồm kế toán hoạt động nào ngoài mua bán hàng hóa?",2.9,2,1198,156,208.25,"Trong học phần ""Kế toán thương mại dịch vụ"", ngoài kế toán mua bán hàng hóa, còn bao gồm các hoạt động kế toán khác như kế toán xuất nhập khẩu và kế toán hoạt động kinh doanh dịch vụ. Học phần này được xây dựng dựa trên các chuẩn mực và nguyên tắc kế toán Việt Nam hiện hành, giúp sinh viên có khả năng ứng dụng và giải quyết các tình huống, nghiệp vụ kinh tế phát sinh liên quan đến các phần hành kế toán chủ yếu trong doanh nghiệp thương mại và dịch vụ.",1,5,5,1,1,"Agent đã trả lời đúng câu hỏi cốt lõi về các hoạt động kế toán ngoài mua bán hàng hóa trong học phần 'Kế toán thương mại dịch vụ'. Câu trả lời của Agent hoàn toàn chính xác so với thông tin mong đợi, bao gồm cả kế toán xuất nhập khẩu và kế toán hoạt động kinh doanh dịch vụ. Câu trả lời cũng được trình bày một cách logic và có cấu trúc rõ ràng. Agent đã sử dụng công cụ RAG để tìm kiếm thông tin nội bộ, điều này là phù hợp với ngữ cảnh. Không có thông tin nào bị bịa đặt, tất cả đều dựa trên dữ liệu có sẵn trong tài liệu nguồn."
